,id,date_from,date_to,station,name
1,p_0_0,23_5_1803,1805,313,Charles Adam
8,p_0_1,18??,_,256,John Adams
11,p_0_1,181?,_,677,John Adams
13,p_0_1,17_4_1819,_,753,John Adams
15,p_0_1,12_1_1824,_,677,John Adams
17,p_0_1,1_3_1826,_,1251,John Adams
19,p_0_1,17_9_1828,_,314,John Adams
20,p_0_1,4_5_1829,_,120,John Adams
23,p_0_1,19_1_1839,9_1843,7,John Adams
24,p_0_1,4_1_1850,_,655,John Adams
25,p_0_2,13_5_1856,_,105,Richard Adams
26,p_0_2,23_11_1857,_,256,Richard Adams
27,p_0_2,23_11_1857,25_10_1861,256,Richard Adams
35,p_0_4,18_10_1843,_,1182,John de Courcy Andrew Agnew
36,p_0_4,26_11_1846,1849,1476,John de Courcy Andrew Agnew
37,p_0_4,4_1_1853,_,883,John de Courcy Andrew Agnew
38,p_0_4,25_2_1854,23_8_1854,490,John de Courcy Andrew Agnew
40,p_0_5,20_8_1834,_,267,William Cornwallis Aldham
45,p_0_5,25_6_1849,_,1512,William Cornwallis Aldham
46,p_0_5,26_8_1857,_,1621,William Cornwallis Aldham
48,p_0_6,18_12_1869,_,917,Pelham Aldrich
55,p_0_6,(1891),1891,1288,Pelham Aldrich
56,p_0_6,1893,_,720,Pelham Aldrich
58,p_0_7,6_4_1846,5_5_1847,86,Robert Dawes Aldrich
65,p_0_8,9_12_1822,_,1212,John Williams Aldridge
67,p_0_9,11_1_1854,_,634,John Hobhouse Inglis Alexander
68,p_0_9,26_10_1855,_,697,John Hobhouse Inglis Alexander
73,p_0_9,21_5_1874,26_4_1875,730,John Hobhouse Inglis Alexander
76,p_0_10,29_11_1854,27_7_1855,1206,John Richard Alexander
81,p_0_11,1_1861,4_1862,1473,Prince Alfred
82,p_0_11,12_6_1863,23_2_1866,1243,Prince Alfred
89,p_0_13,9_7_1834,_,576,Henry Murray Edward Allen
90,p_0_13,14_2_1837,_,1399,Henry Murray Edward Allen
91,p_0_14,12_11_1835,20_6_1836,1705,William Allen
92,p_0_14,10_10_1840,29_6_1841,1701,William Allen
100,p_0_17,8_3_1849,17_9_1850,1489,Warren Hastings Anderson
107,p_0_20,4_10_1865,25_1_1868,216,Charles Vernon Anson
111,p_0_21,3_9_1831,_,1453,Talavera Vernon Anson
113,p_0_21,14_2_1837,_,1399,Talavera Vernon Anson
115,p_0_21,12_10_1846,_,554,Talavera Vernon Anson
120,p_0_22,18??,_,104,Benjamin Aplin
121,p_0_22,18??,_,104,Benjamin Aplin
124,p_0_22,13_4_1819,_,753,Benjamin Aplin
127,p_0_23,20_9_1859,_,285,Elphinstone D'Oyly D'Auvergne Aplin
128,p_0_23,(15_6_1865),_,655,Elphinstone D'Oyly D'Auvergne Aplin
131,p_0_25,18_3_1839,_,980,Whaley Armitage
136,p_0_26,3_3_1868,_,1210,William Armytage
139,p_0_27,10_10_1812,1_12_1815,78,Richard Arthur
146,p_0_28,29_11_1882,_,730,William Arthur
148,p_0_29,12_1798,_,1527,Charles John Austen
154,p_0_29,20_11_1811,30_9_1814,1038,Charles John Austen
160,p_0_30,23_2_1832,11_8_1834,1600,Francis William Austen
161,p_0_30,12_8_1834,_,1600,Francis William Austen
164,p_0_30,10_11_1845,_,49,Francis William Austen
168,p_0_31,27_11_1832,1834,1356,Horatio Thomas Austin
169,p_0_31,30_1_1834,_,967,Horatio Thomas Austin
172,p_0_31,8_11_1843,_,1530,Horatio Thomas Austin
173,p_0_31,19_9_1845,_,1705,Horatio Thomas Austin
174,p_0_31,25_1_1848,13_2_1850,184,Horatio Thomas Austin
176,p_0_31,11_3_1852,_,1646,Horatio Thomas Austin
182,p_0_35,18_12_1852,_,967,John Crawshay Bailey
183,p_0_36,1837,_,489,Thomas Baillie
184,p_0_36,1837,_,1206,Thomas Baillie
190,p_0_36,30_5_1854,_,928,Thomas Baillie
193,p_0_37,30_4_1834,_,1206,Joseph Andrew Bainbridge
195,p_0_37,18_5_1836,26_11_1836,1525,Joseph Andrew Bainbridge
196,p_0_37,26_11_1836,_,1525,Joseph Andrew Bainbridge
202,p_0_38,23_12_1859,8_1863,40,John Kennedy Erskine Baird
210,p_0_43,18??,_,733,Thomas Baldock
218,p_0_45,24_2_1858,_,1422,George Mackintosh Balfour
226,p_0_46,30_8_1856,26_1_1859,1294,Charles Barker
230,p_0_47,25_2_1831,_,1476,Charles Anstruther Barlow
238,p_0_49,27_5_1843,_,1660,Edward King Barnard
239,p_0_49,20_5_1846,16_11_1847,1660,Edward King Barnard
242,p_0_49,31_12_1859,23_4_1864,1064,Edward King Barnard
249,p_0_50,24_1_1848,5_2_1851,1212,Frederick Lamport Barnard
252,p_0_50,23_2_1861,_,928,Frederick Lamport Barnard
260,p_0_53,18_5_1842,13_7_1842,1236,Arthur Barrow
266,p_0_53,24_5_1856,5_12_1856,757,Arthur Barrow
278,p_0_58,27_12_1841,_,349,John Oldenshaw Bathurst
280,p_0_58,7_5_1844,_,339,John Oldenshaw Bathurst
285,p_0_61,2_2_1838,_,77,Robert Lambert Baynes
288,p_0_63,12_1854,_,557,Henry Hamilton Beamish
289,p_0_63,15_5_1860,_,1725,Henry Hamilton Beamish
296,p_0_67,1810,_,1071,Philip Beaver
300,p_0_68,6_8_1841,_,781,Charles Henry Beddoes
306,p_0_70,(7_7_1873),_,1618,Norman Bernard Bedingfield
308,p_0_71,7_5_1840,_,919,Frederick Willam Beechey
311,p_0_72,9_11_1836,2_8_1842,1493,Edward Belcher
317,p_0_73,7_1_1845,_,1654,Thomas Belgrave
318,p_0_73,14_8_1845,_,1206,Thomas Belgrave
323,p_0_74,10_1827,31_1_1828,256,Charles Bell
330,p_0_78,10_1855,_,944,Henry Berkeley
331,p_0_78,29_7_1856,_,1216,Henry Berkeley
334,p_0_78,22_12_1864,_,184,Henry Berkeley
335,p_0_80,27_5_1828,1831,1396,Maurice Frederick Fitzhardinghe Berkeley
338,p_0_81,28_10_1841,_,1422,Henry Bernard
339,p_0_81,5_3_1845,_,1654,Henry Bernard
343,p_0_83,24_4_1809,_,827,Thomas Bevis
348,p_0_83,2_12_1828,_,1212,Thomas Bevis
350,p_0_83,11_10_1849,_,1375,Thomas Bevis
351,p_0_83,1_11_1853,_,1375,Thomas Bevis
352,p_0_84,26_11_1864,_,213,James Edward Bickford
353,p_0_85,14_10_1845,15_10_1846,1294,Joseph Grant Bickford
354,p_0_85,15_10_1846,_,1625,Joseph Grant Bickford
356,p_0_85,(24_12_1864),1_1866,928,Joseph Grant Bickford
357,p_0_85,1_1866,_,608,Joseph Grant Bickford
358,p_0_88,14_12_1844,_,7,John Elliot Bingham
363,p_0_90,182?,_,48,Thomas Frederick Birch
367,p_0_90,17_11_1834,_,1182,Thomas Frederick Birch
371,p_0_91,13_2_1834,1836,967,Edward Joseph Bird
374,p_0_92,17_8_1838,_,1197,Philip Bisson
377,p_0_94,3_12_1850,30_9_1851,1646,Francis Price Blackwood
381,p_0_96,2_2_1824,_,1600,Patrick John Blake
383,p_0_96,182?,_,842,Patrick John Blake
389,p_0_97,11_1857,_,256,William Hans Blake
390,p_0_97,1_1859,26_6_1860,1062,William Hans Blake
391,p_0_97,23_1_1863,3_1865,49,William Hans Blake
395,p_0_99,9_4_1838,_,167,George Blane
400,p_0_99,23_7_1855,_,678,George Blane
401,p_0_100,24_1_1851,_,105,Henry John Blomfield
414,p_0_104,29_8_1849,_,41,Charles Wright Bonham
417,p_0_104,19_4_1852,_,385,Charles Wright Bonham
420,p_0_107,2_12_1854,7_4_1855,976,John Borlase
425,p_0_107,(17_5_1865),30_4_1868,826,John Borlase
428,p_0_108,16_7_1834,_,1206,Charles John Bosanquet
430,p_0_109,3_8_1869,_,910,Day Hort Bosanquet
433,p_0_109,4_11_1886,_,1087,Day Hort Bosanquet
441,p_0_111,9_8_1855,1859,715,Charles Fenton Fletcher Boughey
442,p_0_111,2_2_1863,_,267,Charles Fenton Fletcher Boughey
448,p_0_114,11_9_1810,_,1626,Thomas Bourchier
450,p_0_114,26_2_1813,_,1645,Thomas Bourchier
457,p_0_114,12_9_1827,1829,981,Thomas Bourchier
459,p_0_114,20_9_1846,_,1197,Thomas Bourchier
460,p_0_114,18_3_1848,_,1197,Thomas Bourchier
463,p_0_115,8_9_1841,_,1646,Frederick William Pleydell Bouverie
464,p_0_115,17_3_1847,_,516,Frederick William Pleydell Bouverie
466,p_0_116,18_3_1857,_,971,William Bowden
475,p_0_119,23_1_1822,_,1705,William Bowles
476,p_0_120,2_10_1855,_,1670,George Le Geyt Bowyear
479,p_0_120,(13_5_1865),2_9_1865,267,George Le Geyt Bowyear
486,p_0_121,(1878),2_8_1878,1578,Charles Richard Fox Boxer
488,p_0_122,23_2_1827,7_1830,772,Edward Boxer
489,p_0_122,3_8_1837,8_1841,1182,Edward Boxer
490,p_0_124,1_12_1841,_,1476,John NcNeill Boyd
492,p_0_124,8_7_1846,14_10_1846,554,John NcNeill Boyd
497,p_0_126,24_6_1832,_,293,Alexander Boyle
498,p_0_126,8_9_1841,_,1072,Alexander Boyle
499,p_0_126,2_10_1841,_,1236,Alexander Boyle
502,p_0_127,6_10_1860,_,286,David Boyle
504,p_0_128,17_6_1844,_,1464,Robert Francis Boyle
517,p_0_133,14_9_1887,_,1598,John William Brackenbury
523,p_0_136,23_4_1846,_,359,Thomas Brandreth
525,p_0_136,20_4_1869,_,917,Thomas Brandreth
528,p_0_137,30_5_1816,24_10_1816,349,James John Gordon Bremer
529,p_0_137,8_9_1823,_,1527,James John Gordon Bremer
531,p_0_138,12_7_1862,_,508,Harry Woodfall Brent
533,p_0_138,1879,_,752,Harry Woodfall Brent
537,p_0_139,30_1_1859,_,256,Spencer Phipps Brett
548,p_0_145,25_7_1879,_,1445,George Doherty Broad
551,p_0_146,15_7_1836,_,1182,Henry Broadhead
554,p_0_146,12_7_1856,22_10_1857,229,Henry Broadhead
558,p_0_147,11_3_1857,_,634,Philip Brock
566,p_0_149,3_4_1854,_,655,George Nathaniel Broke
567,p_0_149,28_6_1858,10_3_1859,286,George Nathaniel Broke
575,p_0_151,22_11_1866,_,1732,Arthur Thomas Brooke
578,p_0_152,(2_1_1865),_,1199,Edward Wolfe Brooker
581,p_0_153,15_8_1857,_,813,George Augustus Cooke Brooker
586,p_0_154,25_10_1836,_,1358,William Broughton
587,p_0_154,31_10_1839,5_1842,1206,William Broughton
592,p_0_156,27_7_1838,_,283,Charles Foreman Brown
594,p_0_156,1_10_1840,_,1236,Charles Foreman Brown
599,p_0_157,1_1835,_,1356,Francis Thomas Brown
602,p_0_157,28_10_1846,_,653,Francis Thomas Brown
607,p_0_158,21_2_1859,_,1461,Ralph Abercrombie Otho Brown
615,p_0_161,(19_4_1878),22_4_1878,1527,Charles James Brownrigg
617,p_0_161,8_6_1880,3_12_1881,915,Charles James Brownrigg
627,p_0_164,3_4_1855,_,1490,James Minchin Bruce
631,p_0_165,4_5_1863,_,263,John Bruce
632,p_0_166,27_12_1862,_,653,James Buchanan
637,p_0_168,1856,1856,813,Claude Edward Buckle
649,p_0_169,1_1_1849,1850,285,Claude Henry Mason Buckle
650,p_0_169,11_12_1852,_,1621,Claude Henry Mason Buckle
651,p_0_170,25_2_1854,_,1008,Cecil William Buckley
655,p_0_170,12_1871,10_1872,1618,Cecil William Buckley
661,p_0_174,2_3_1841,_,580,Frederick Bullock
662,p_0_174,1_7_1844,_,1199,Frederick Bullock
664,p_0_175,3_3_1865,20_4_1867,1485,Thomas Thelwall Bullock
671,p_0_178,27_2_1856,_,1489,George Foster Burgess
675,p_0_179,26_6_1855,22_12_1855,1582,John Burgess
676,p_0_179,30_1_1856,20_8_1856,1316,John Burgess
678,p_0_179,1_2_1858,24_4_1859,557,John Burgess
679,p_0_179,20_4_1859,22_6_1859,1696,John Burgess
681,p_0_179,28_9_1860,4_3_1862,498,John Burgess
687,p_0_180,6_8_1841,9_1844,1361,Frederick William Burgoyne
696,p_0_183,1_11_1859,7_1861,928,William Farquharson Burnett
701,p_0_185,6_12_1854,_,76,Richard Burridge
702,p_0_186,11_5_1841,20_8_1841,489,Godolphin James Burslem
703,p_0_187,5_10_1814,_,1719,George Guy Burton
705,p_0_189,27_9_1859,_,1083,William Kemptown Bush
719,p_0_200,16_6_1841,23_2_1843,293,Richard Byron
720,p_0_201,22_6_1850,_,105,John Bythesea
721,p_0_201,28_9_1852,_,105,John Bythesea
722,p_0_201,24_10_1853,_,105,John Bythesea
726,p_0_201,14_9_1871,4_1872,916,John Bythesea
727,p_1_0,7_1827,_,256,James Crawford Caffin
728,p_1_0,1828,1831,661,James Crawford Caffin
732,p_1_0,1828,1831,661,James Crawford Caffin
734,p_1_0,31_1_1828,_,256,James Crawford Caffin
739,p_1_0,2_10_1841,_,1236,James Crawford Caffin
742,p_1_0,6_2_1855,21_8_1855,710,James Crawford Caffin
746,p_1_1,4_4_1857,27_3_1857,490,Henry Caldwell
752,p_1_2,23_6_1857,_,1215,William Alfred Cambier
753,p_1_2,4_6_1858,26_6_1861,542,William Alfred Cambier
756,p_1_2,24_7_1865,11_9_1865,730,William Alfred Cambier
758,p_1_2,27_4_1869,_,493,William Alfred Cambier
759,p_1_4,7_5_1859,8_1_1861,139,Colin Andrew Campbell
760,p_1_4,15_4_1862,25_3_1863,653,Colin Andrew Campbell
763,p_1_4,16_9_1867,12_5_1868,1082,Colin Andrew Campbell
765,p_1_5,4_6_1838,_,980,Colin Yorke Campbell
767,p_1_5,28_11_1843,_,773,Colin Yorke Campbell
774,p_1_6,17_11_1842,1845,256,Frederick Archibald Campbell
788,p_1_9,12_3_1845,1848,976,John Norman Campbell
794,p_1_11,23_7_1851,1854,285,Edward St Leger Cannon
795,p_1_12,30_4_1834,16_6_1834,1206,Frederick Cannon
796,p_1_12,16_6_1834,30_12_1834,1206,Frederick Cannon
799,p_1_12,6_11_1841,_,1236,Frederick Cannon
801,p_1_12,14_7_1860,15_7_1861,1696,Frederick Cannon
803,p_1_14,26_11_1852,_,1417,Hon. John Carnegie
805,p_1_14,8_12_1863,_,1356,Hon. John Carnegie
811,p_1_15,22_11_1854,1855,883,Swynfen Thomas Carnegie
813,p_1_15,6_5_1862,6_2_1863,340,Swynfen Thomas Carnegie
815,p_1_16,13_12_1841,2_7_1846,653,Edward John Carpenter
816,p_1_17,24_6_1856,_,697,Hon Walter Cecil Carpenter
817,p_1_17,6_12_1858,_,1064,Hon Walter Cecil Carpenter
818,p_1_17,18_11_1864,2_3_1865,1485,Hon Walter Cecil Carpenter
822,p_1_17,16_10_1876,_,490,Hon Walter Cecil Carpenter
825,p_1_21,6_12_1852,21_10_1853,634,Richard Carter
827,p_1_21,17_2_1855,18_2_1859,1039,Richard Carter
829,p_1_21,26_4_1866,25_4_1869,1476,Richard Carter
831,p_1_21,5_7_1875,24_9_1876,1287,Richard Carter
833,p_1_21,1_4_1880,29_11_1882,730,Richard Carter
843,p_1_25,30_12_1860,_,1490,John Halliday Cave
844,p_1_27,7_1853,_,184,Charles Thomas William George Cerjat
845,p_1_28,21_4_1846,1848,1490,Henry Chads
846,p_1_28,26_8_1850,_,1202,Henry Chads
849,p_1_28,1_3_1858,7_12_1858,1064,Henry Chads
850,p_1_28,12_5_1859,_,915,Henry Chads
851,p_1_29,8_1812,29_12_1812,842,Henry Ducie Chads
855,p_1_29,2_1_1834,1837,77,Henry Ducie Chads
856,p_1_29,20_8_1841,1845,256,Henry Ducie Chads
862,p_1_30,29_10_1853,_,1216,John Hanbury Chads
863,p_1_30,14_10_1857,_,1148,John Hanbury Chads
865,p_1_31,8_4_1870,22_1_1874,1321,Henry Joseph Challis
866,p_1_32,26_3_1835,_,489,Thomas Chaloner
867,p_1_32,8_12_1835,_,489,Thomas Chaloner
872,p_1_32,10_11_1846,_,1422,Thomas Chaloner
873,p_1_33,15_12_1840,_,1489,William Charles Chamberlain
876,p_1_33,22_9_1843,_,773,William Charles Chamberlain
877,p_1_33,30_1_1844,_,48,William Charles Chamberlain
885,p_1_34,23_3_1856,_,481,Ennis Chambers
891,p_1_37,1_1_1876,_,1618,William Cox Chapman
893,p_1_38,25_4_1839,5_11_1840,167,Edward Philips Charlewood
899,p_1_43,6_6_1824,22_10_1827,256,Peter Christie
910,p_1_48,12_10_1835,_,489,Thomas Jordaine Clarke
911,p_1_48,14_11_1837,_,980,Thomas Jordaine Clarke
916,p_1_49,18??,2_1819,1096,John Clavell
917,p_1_49,4_7_1835,4_1837,116,John Clavell
919,p_1_49,1_7_1838,22_8_1841,1197,John Clavell
921,p_1_50,21_12_1853,_,757,Henry Augustus Clavering
922,p_1_51,18_7_1859,_,634,Francis Starkie Clayton
928,p_1_52,2_2_1855,_,285,William John Cavendish Clifford
931,p_1_53,5_12_1851,_,184,Francis Arden Close
933,p_1_53,24_11_1856,_,1588,Francis Arden Close
934,p_1_54,3_6_1856,_,7,Charles Henry Clutterbuck
935,p_1_54,(25_7_1859),25_7_1859,310,Charles Henry Clutterbuck
942,p_1_55,1_12_1865,11_12_1866,944,William Robert Clutterbuck
946,p_1_55,28_2_1871,_,1287,William Robert Clutterbuck
958,p_1_56,26_3_1847,_,1476,Thomas Cochran
965,p_1_56,12_5_1871,21_5_1874,730,Thomas Cochran
967,p_1_57,(6_1854),_,481,Arthur Auckland Leopold Pedro Cochrane
974,p_1_59,8_10_1859,28_10_1861,450,James Horsford Cockburn
975,p_1_59,24_10_1861,_,1399,James Horsford Cockburn
980,p_1_61,16_11_1837,_,1215,Edward Codd
981,p_1_61,13_3_1838,_,1526,Edward Codd
982,p_1_61,13_3_1841,_,1526,Edward Codd
986,p_1_61,11_2_1863,4_1_1864,720,Edward Codd
988,p_1_61,1_7_1864,_,631,Edward Codd
991,p_1_62,20_1_1874,3_1875,917,William Codrington
995,p_1_63,12_6_1829,_,1646,Henry John Codrington
996,p_1_63,10_8_1829,_,1212,Henry John Codrington
1000,p_1_63,12_3_1838,_,1526,Henry John Codrington
1001,p_1_63,13_3_1841,30_9_1841,1236,Henry John Codrington
1002,p_1_63,1_10_1841,1842,1476,Henry John Codrington
1007,p_1_65,4_7_1816,_,1000,Francis Rogers Coghlan
1010,p_1_66,5_12_1849,_,1154,Cowper Phipps Coles
1011,p_1_66,24_10_1853,_,31,Cowper Phipps Coles
1012,p_1_66,(2_8_1855),_,1489,Cowper Phipps Coles
1016,p_1_68,8_9_1818,_,778,Edward Collier
1023,p_1_69,15_1_1806,_,1719,Francis Augustus Collier
1027,p_1_69,10_10_1812,2_8_1815,673,Francis Augustus Collier
1028,p_1_69,11_2_1818,1822,910,Francis Augustus Collier
1031,p_1_69,17_12_1841,16_1_1844,1705,Francis Augustus Collier
1035,p_1_72,6_2_1855,_,710,Philip Howard Colomb
1036,p_1_72,7_12_1865,_,1646,Philip Howard Colomb
1038,p_1_72,31_8_1874,31_8_1877,122,Philip Howard Colomb
1041,p_1_72,24_10_1884,1886,490,Philip Howard Colomb
1042,p_1_73,8_7_1856,1860,264,George Twisleton Colville
1044,p_1_74,21_4_1866,_,1206,Henry Wandesford Comber
1046,p_1_75,21_2_1855,_,1697,John Edmund Commerell
1050,p_1_75,1866,_,1545,John Edmund Commerell
1053,p_1_77,29_4_1859,_,697,Matthew Connolly
1062,p_1_81,21_4_1851,_,1669,Robert Coote
1063,p_1_81,20_3_1860,2_3_1863,1646,Robert Coote
1067,p_1_82,28_7_1856,_,813,John Corbett
1073,p_1_85,4_4_1835,4_1839,142,Armar Lowry Corry
1076,p_1_85,3_12_1850,_,1646,Armar Lowry Corry
1078,p_1_87,24_12_1825,_,1072,Nicholas Cory
1082,p_1_87,3_8_1848,_,1445,Nicholas Cory
1084,p_1_88,17_5_1836,_,980,Henry Coryton
1087,p_1_88,14_7_1838,_,733,Henry Coryton
1089,p_1_88,14_12_1844,_,1148,Henry Coryton
1094,p_1_90,14_4_1828,_,934,George William Conway Courtenay
1101,p_1_91,17_8_1859,4_4_1860,91,Richard William Courtenay
1103,p_1_92,6_8_1842,12_10_1846,1646,Peter Cracroft
1106,p_1_92,15_2_1858,_,450,Peter Cracroft
1108,p_1_92,19_9_1862,_,0,Peter Cracroft
1109,p_1_93,1_10_1829,_,1396,John Bettinson Cragg
1111,p_1_93,29_6_1846,_,1461,John Bettinson Cragg
1115,p_1_95,1_11_1854,_,697,John Hay Crang
1123,p_1_97,11_6_1859,_,1417,Richard Borough Crawford
1124,p_1_98,3_4_1855,_,760,John Zell Creasy
1126,p_1_98,15_1_1863,_,285,John Zell Creasy
1127,p_1_100,(15_3_1854),_,91,Samuel Gurney Cresswell
1129,p_1_100,11_3_1857,_,1504,Samuel Gurney Cresswell
1135,p_1_102,19_7_1858,5_8_1861,720,William Crispin
1137,p_1_105,20_10_1854,_,1320,Stephen Smith Lowther Crofton
1166,p_1_114,8_7_1877,_,1535,Michael Culme-Seymour
1167,p_1_114,29_7_1879,9_5_1882,490,Michael Culme-Seymour
1168,p_1_115,3_12_1841,4_5_1842,927,Octavius Cumberland
1169,p_1_115,21_7_1842,_,927,Octavius Cumberland
1170,p_1_115,2_4_1845,_,1236,Octavius Cumberland
1171,p_1_115,19_3_1846,_,213,Octavius Cumberland
1174,p_1_116,1_11_1869,_,786,William Henry Cuming
1178,p_1_117,19_6_1841,23_5_1842,167,Arthur Cumming
1182,p_1_117,29_4_1845,12_7_1845,1236,Arthur Cumming
1183,p_1_117,13_7_1845,30_11_1846,48,Arthur Cumming
1190,p_1_117,20_12_1868,1_3_1869,1646,Arthur Cumming
1191,p_1_117,2_3_1869,26_2_1870,490,Arthur Cumming
1192,p_1_118,14_4_1848,_,710,Charles Thomas Curme
1193,p_1_118,16_6_1854,_,678,Charles Thomas Curme
1194,p_1_118,1855,_,1039,Charles Thomas Curme
1196,p_1_118,6_2_1863,28_4_1863,697,Charles Thomas Curme
1198,p_1_118,(3_8_1872),_,1287,Charles Thomas Curme
1203,p_1_119,10_1_1860,18_2_1861,0,Douglas Curry
1236,p_1_126,11_11_1837,1841,253,Edwin Claton Tennyson D'Eyncourt
1237,p_1_126,6_1841,_,184,Edwin Claton Tennyson D'Eyncourt
1238,p_1_126,17_11_1846,_,349,Edwin Claton Tennyson D'Eyncourt
1239,p_1_126,29_3_1854,5_1_1855,446,Edwin Claton Tennyson D'Eyncourt
1244,p_1_127,18??,_,48,John Gooch D'Urban
1252,p_1_129,16_8_1836,15_9_1840,1356,Sidney Colpoys Dacres
1253,p_1_129,16_11_1847,_,1476,Sidney Colpoys Dacres
1263,p_1_135,16_12_1841,_,516,Arthur Darley
1265,p_1_136,7_10_1876,_,1398,Duncan George Davidson
1267,p_1_139,14_3_1841,1845,1060,William Rees Davies
1271,p_1_140,1_1842,5_1842,349,George Evan Davis
1274,p_1_141,15_5_1856,_,542,Richard Dawkins
1276,p_1_141,13_9_1866,_,1732,Richard Dawkins
1280,p_1_142,18_12_1866,_,1545,Hon. Edward Stanley Dawson
1291,p_1_147,27_7_1845,23_9_1846,1530,Joseph Dayman
1308,p_1_151,25_5_1868,11_5_1871,730,Algernon Frederick Rous De Horsey
1315,p_1_154,2_1_1860,_,427,Philip De Saumarez
1322,p_1_158,18_2_1852,_,733,Henry Mangles Denham
1323,p_1_158,1_4_1857,_,733,Henry Mangles Denham
1338,p_1_162,2_8_1878,_,1578,Robert Peel Dennistoun
1340,p_1_163,13_12_1852,_,1621,Charles Bayley Calmady Dent
1342,p_1_163,2_12_1857,_,1243,Charles Bayley Calmady Dent
1343,p_1_164,11_10_1854,_,271,Samuel Hoskins Derriman
1347,p_1_166,5_12_1855,_,653,Roderick Dew
1351,p_1_166,29_5_1866,8_1868,916,Roderick Dew
1353,p_1_168,18_10_1839,_,980,John Bourmaster Dickson
1355,p_1_168,24_4_1846,_,1236,John Bourmaster Dickson
1365,p_1_170,14_3_1855,12_5_1856,710,Noel Stephen Fox Digby
1366,p_1_170,13_5_1856,9_1_1859,286,Noel Stephen Fox Digby
1371,p_1_170,18_1_1867,1_4_1869,1332,Noel Stephen Fox Digby
1373,p_1_170,25_5_1869,5_8_1869,1332,Noel Stephen Fox Digby
1376,p_1_170,1_8_1879,14_1_1880,1206,Noel Stephen Fox Digby
1377,p_1_170,6_11_1882,21_4_1886,1073,Noel Stephen Fox Digby
1382,p_1_171,22_10_1841,7_9_1842,1148,James Dirom
1384,p_1_171,9_11_1843,_,48,James Dirom
1385,p_1_171,1_6_1850,2_7_1852,48,James Dirom
1389,p_1_173,29_7_1813,11_1_1815,1052,Manley Hall Dixon
1394,p_1_175,30_1_1861,2_8_1864,786,Samuel Brooking Dolling
1400,p_1_178,8_12_1841,_,1000,John William Dorville
1403,p_1_178,7_4_1860,30_1_1861,786,John William Dorville
1404,p_1_179,27_11_1868,_,1618,Frederic Proby Doughty
1408,p_1_180,19_10_1861,6_12_1862,105,Archibald Lucius Douglas
1413,p_1_180,7_1_1884,_,1398,Archibald Lucius Douglas
1417,p_1_181,30_1_1859,_,310,George Amelius Douglas
1420,p_1_183,13_10_1840,_,710,Henry John Douglas
1421,p_1_183,1_4_1841,_,1215,Henry John Douglas
1422,p_1_183,18_6_1841,_,1204,Henry John Douglas
1423,p_1_183,9_11_1841,_,619,Henry John Douglas
1424,p_1_183,21_4_1844,_,619,Henry John Douglas
1428,p_1_186,19_1_1836,8_1837,980,Peter John Douglas
1429,p_1_188,(2_6_1859),_,508,Robert Gordon Douglas
1439,p_1_189,(10_1875),5_1877,6,Sholto Douglas
1457,p_1_195,21_8_1826,_,142,Charles Ramsay Drinkwater-Bethune
1460,p_1_195,9_1829,_,934,Charles Ramsay Drinkwater-Bethune
1464,p_1_197,10_6_1852,_,1294,James Robert Drummond
1466,p_1_197,7_7_1855,_,48,James Robert Drummond
1467,p_1_197,7_3_1856,_,1646,James Robert Drummond
1468,p_1_197,2_12_1856,_,928,James Robert Drummond
1469,p_1_198,6_7_1841,_,253,Byron Drury
1471,p_1_198,10_2_1845,22_5_1845,733,Byron Drury
1473,p_1_198,29_10_1847,4_1848,1361,Byron Drury
1476,p_1_199,(4_1864),_,542,George Graham Duff
1486,p_1_202,20_11_1830,12_1833,166,Richard Saunders Dundas
1487,p_1_202,1_9_1837,1841,980,Richard Saunders Dundas
1490,p_1_203,13_8_1842,12_10_1842,1148,Andrew Robert Dunlap
1491,p_1_203,29_4_1843,_,781,Andrew Robert Dunlap
1498,p_1_205,26_11_1862,2_6_1864,1305,James Andrew Robert Dunlop
1506,p_1_207,28_11_1824,_,1358,David Dunn
1509,p_1_208,15_3_1858,_,1660,Montagu Buccleuch Dunn
1512,p_1_209,28_3_1843,_,1646,Nicholas James Cuthbert Dunn
1521,p_1_211,(11_1856),_,813,Arthur Edward Dupuis
1527,p_1_211,16_2_1883,8_1_1884,1398,Arthur Edward Dupuis
1533,p_1_212,19_2_1855,6_1_1856,1294,Hugh McNeile Dyer
1548,p_1_213,12_7_1850,_,813,Peché Hart Dyke
1549,p_1_214,9_11_1840,_,1204,Arthur Parry Eardley-Wilmot
1555,p_1_214,15_9_1854,_,1461,Arthur Parry Eardley-Wilmot
1556,p_1_214,7_12_1858,31_12_1859,1064,Arthur Parry Eardley-Wilmot
1558,p_1_215,10_9_1813,_,1046,Edward Charles Earle
1561,p_1_215,10_1824,3_11_1825,1251,Edward Charles Earle
1563,p_1_216,26_10_1857,_,1148,Hamilton Edward George Earle
1565,p_1_216,27_7_1878,8_6_1880,915,Hamilton Edward George Earle
1566,p_1_217,22_10_1832,_,980,Charles Eden
1567,p_1_217,31_1_1834,_,267,Charles Eden
1570,p_1_217,17_12_1847,_,1646,Charles Eden
1571,p_1_217,16_4_1853,11_1854,915,Charles Eden
1579,p_1_218,12_6_1866,4_1_1868,1210,Charles Davers Eden
1580,p_1_218,9_12_1868,18_7_1873,380,Charles Davers Eden
1581,p_1_218,27_10_1873,28_11_1873,122,Charles Davers Eden
1589,p_1_219,182?,1827,733,Henry Eden
1596,p_1_221,9_12_1831,_,927,Thomas Rodney Eden
1597,p_1_221,23_3_1833,_,1646,Thomas Rodney Eden
1599,p_1_221,4_2_1841,_,1148,Thomas Rodney Eden
1601,p_1_221,1843,8_1843,1148,Thomas Rodney Eden
1602,p_1_221,13_7_1847,11_1_1850,76,Thomas Rodney Eden
1603,p_1_222,9_5_1845,_,1422,Harry Edmond Edgell
1606,p_1_223,1_1861,4_1862,1473,Duke of Edinburgh
1607,p_1_223,12_6_1863,23_2_1866,1243,Duke of Edinburgh
1614,p_1_225,28_8_1845,_,743,Charles Edmunds
1615,p_1_226,10_3_1865,_,928,Herbert Holden Edwards
1620,p_1_227,30_9_1849,_,883,Joseph Edye
1621,p_1_227,16_12_1852,_,1621,Joseph Edye
1630,p_1_229,4_1857,20_8_1858,1331,Hon. Francis Egerton
1632,p_1_229,1_3_1866,5_8_1867,1646,Hon. Francis Egerton
1639,p_1_232,28_4_1854,_,1476,George Augustus Eliott
1643,p_1_233,6_8_1841,1843,116,Alexander Ellice
1644,p_1_233,10_9_1843,_,1646,Alexander Ellice
1646,p_1_234,26_8_1837,_,1182,Hugh Myddelton Ellicombe
1647,p_1_234,13_5_1840,_,1316,Hugh Myddelton Ellicombe
1649,p_1_234,10_9_1841,23_11_1841,1060,Hugh Myddelton Ellicombe
1650,p_1_234,18_11_1846,_,1318,Hugh Myddelton Ellicombe
1651,p_1_235,28_8_1838,_,1316,Charles Gilbert John Brydone Elliot
1652,p_1_235,25_10_1838,_,1526,Charles Gilbert John Brydone Elliot
1660,p_1_236,27_6_1843,_,554,George Augustus Elliot
1661,p_1_236,30_5_1846,_,554,George Augustus Elliot
1665,p_1_237,14_2_1837,_,1399,William Ellis
1666,p_1_237,12_3_1841,9_1842,1444,William Ellis
1668,p_1_238,17_7_1850,8_1854,1356,John Spencer Ellman
1670,p_1_239,19_9_1854,_,1331,William Buller Fullerton Elphinstone
1679,p_1_240,28_9_1867,_,1711,Arthur Elwes
1681,p_1_240,24_5_1871,_,656,Arthur Elwes
1687,p_1_242,6_8_1841,_,781,John Elphinstone Erskine
1688,p_1_242,24_2_1848,_,715,John Elphinstone Erskine
1712,p_2_3,29_3_1840,25_2_1841,516,Maxwell Falcon
1713,p_2_3,25_2_1841,_,1206,Maxwell Falcon
1714,p_2_3,29_4_1843,_,283,Maxwell Falcon
1716,p_2_4,11_6_1860,1861,1473,Charles George Fane
1722,p_2_4,19_4_1886,22_11_1886,1073,Charles George Fane
1731,p_2_6,5_1856,28_6_1858,286,Edward Gennys Fanshawe
1740,p_2_7,20_3_1859,19_3_1860,1646,Arthur Farquhar
1742,p_2_7,1_8_1862,_,757,Arthur Farquhar
1751,p_2_9,30_10_1840,_,678,William Frederick Fead
1753,p_2_9,1844,_,1236,William Frederick Fead
1756,p_2_10,17_12_1825,1827,1212,Craven John Featherstone
1757,p_2_11,29_6_1846,_,339,Charles Fellowes
1763,p_2_11,(12_7_1863),10_9_1867,490,Charles Fellowes
1768,p_2_12,18??,_,1236,Thomas Fellowes
1775,p_2_12,180?,_,980,Thomas Fellowes
1777,p_2_12,21_2_1827,16_3_1830,426,Thomas Fellowes
1780,p_2_13,22_12_1852,_,1083,Thomas Hounsom Butler Fellowes
1781,p_2_13,16_3_1855,_,1331,Thomas Hounsom Butler Fellowes
1782,p_2_13,22_5_1860,_,958,Thomas Hounsom Butler Fellowes
1787,p_2_15,30_12_1853,_,1318,William Henry Fenwick
1792,p_2_16,31_1_1863,_,1589,Edward Field
1794,p_2_16,10_8_1866,_,732,Edward Field
1797,p_2_17,22_8_1854,_,380,John Bousquet Field
1798,p_2_18,12_6_1846,_,1646,John William Finch
1799,p_2_18,3_10_1853,_,927,John William Finch
1803,p_2_19,15_9_1840,_,46,Edmund Gardiner Fishbourne
1804,p_2_19,1_11_1841,_,1444,Edmund Gardiner Fishbourne
1810,p_2_22,22_1_1855,_,1294,Thomas Fisher
1816,p_2_24,14_7_1853,_,760,William Edward Fisher
1818,p_2_24,16_2_1864,_,498,William Edward Fisher
1838,p_2_28,23_2_1877,_,427,Adolphus Agustus Frederick Fitzgeorge
1840,p_2_29,29_4_1836,_,166,Charles Fitzgerald
1846,p_2_30,20_1_1854,_,253,John Coghlan Fitzgerald
1847,p_2_30,22_9_1857,8_4_1858,619,John Coghlan Fitzgerald
1867,p_2_38,22_1_1846,15_10_1847,516,Archibald Douglas William Fletcher
1868,p_2_38,18_1_1848,24_4_1848,1236,Archibald Douglas William Fletcher
1870,p_2_38,5_7_1851,5_9_1852,427,Archibald Douglas William Fletcher
1871,p_2_38,1_11_1853,16_2_1854,1473,Archibald Douglas William Fletcher
1872,p_2_38,16_2_1854,26_12_1854,1344,Archibald Douglas William Fletcher
1879,p_2_39,16_5_1831,_,1212,John Venour Fletcher
1898,p_2_43,16_9_1843,_,489,John Foote
1903,p_2_44,18_8_1841,1844,927,John Foote
1913,p_2_48,14_11_1841,1_8_1842,1182,Henry Forbes
1917,p_2_52,1_1_1844,_,731,Charles Codrington Forsyth
1923,p_2_54,21_11_1834,_,1206,William Newton Fowell
1924,p_2_54,14_2_1835,_,349,William Newton Fowell
1926,p_2_54,17_8_1838,_,1060,William Newton Fowell
1930,p_2_55,9_10_1845,_,41,Charles Colville Frankland
1937,p_2_61,29_7_1830,_,1333,George Alexander Frazer
1938,p_2_61,1_5_1833,_,1361,George Alexander Frazer
1941,p_2_61,12_12_1844,_,919,George Alexander Frazer
1944,p_2_62,27_7_1826,_,40,Charles Frederick
1945,p_2_62,8_1_1828,_,40,Charles Frederick
1946,p_2_62,15_11_1841,_,86,Charles Frederick
1947,p_2_62,13_12_1850,_,76,Charles Frederick
1950,p_2_63,26_1_1839,_,1206,John Osmond Freeland
1951,p_2_63,18_7_1840,_,1489,John Osmond Freeland
1958,p_2_65,7_1858,10_1858,1286,Edmund Robert Fremantle
1959,p_2_65,10_1858,10_1860,1331,Edmund Robert Fremantle
1964,p_2_65,15_5_1877,11_1879,917,Edmund Robert Fremantle
1968,p_2_66,12_8_1841,_,1445,Stephen Grenville Fremantle
1973,p_2_67,8_5_1838,_,1215,John James Bartholomew Edward Frere
1978,p_2_68,24_5_1856,_,757,John Fulford
1980,p_2_68,1_7_1863,_,619,John Fulford
1988,p_2_70,10_5_1856,_,1670,James Holmes Furneaux
1993,p_2_73,(26_2_1855),_,481,Alan Henry Gardner
2000,p_2_74,29_6_1843,_,554,George Henry Gardner
2001,p_2_74,11_8_1846,_,1417,George Henry Gardner
2008,p_2_78,24_7_1827,_,1212,Charles Gayton
2009,p_2_78,1_5_1830,_,1476,Charles Gayton
2014,p_2_79,1_12_1855,_,1646,Louis Geneste
2015,p_2_79,17_6_1856,_,1646,Louis Geneste
2016,p_2_79,24_7_1856,_,229,Louis Geneste
2021,p_2_80,28_2_1838,_,1316,John Henn Gennys
2027,p_2_83,14_4_1858,_,31,Robert Gibson
2032,p_2_83,24_11_1869,_,895,Robert Gibson
2035,p_2_84,14_2_1838,_,967,George Giffard
2039,p_2_84,6_1_1853,_,888,George Giffard
2041,p_2_85,11_7_1831,11_1832,773,Henry Wells Giffard
2044,p_2_85,26_9_1837,22_2_1838,773,Henry Wells Giffard
2048,p_2_85,19_6_1852,1_6_1854,1568,Henry Wells Giffard
2060,p_2_89,28_11_1828,_,778,Frederick Henry Hastings Glasse
2061,p_2_89,7_9_1829,_,1476,Frederick Henry Hastings Glasse
2065,p_2_89,2_6_1858,_,1545,Frederick Henry Hastings Glasse
2074,p_2_91,30_1_1844,_,48,Charles James Price Glinn
2077,p_2_92,25_2_1854,_,1320,John Hawley Glover
2082,p_2_93,(1_5_1872),_,490,Hon Henry Carr Glyn
2084,p_2_95,28_9_1828,_,927,George Goldsmith
2085,p_2_95,1_3_1829,_,1358,George Goldsmith
2086,p_2_95,26_8_1829,_,927,George Goldsmith
2087,p_2_95,1831,_,927,George Goldsmith
2088,p_2_95,18_5_1834,_,314,George Goldsmith
2091,p_2_95,14_8_1841,24_10_1842,773,George Goldsmith
2094,p_2_95,26_11_1852,_,1417,George Goldsmith
2097,p_2_97,27_10_1843,3_1847,1394,Thomas Lewis Gooch
2113,p_2_104,4_3_1854,_,490,George Thomas Gordon
2114,p_2_104,20_3_1855,7_3_1856,1646,George Thomas Gordon
2115,p_2_104,29_6_1858,29_4_1859,697,George Thomas Gordon
2117,p_2_105,17_9_1838,_,1060,James Alexander Gordon
2121,p_2_107,22_2_1844,10_11_1846,71,John Gordon
2123,p_2_108,25_9_1854,_,490,William Elrington Gordon
2128,p_2_108,30_3_1885,5_7_1885,730,William Elrington Gordon
2129,p_2_109,15_7_1851,10_8_1852,1490,William Everard Alphonso Gordon
2131,p_2_109,22_1_1853,_,1490,William Everard Alphonso Gordon
2133,p_2_110,25_11_1832,_,980,Robert Gore
2134,p_2_110,1_12_1834,_,77,Robert Gore
2153,p_2_114,18_5_1859,14_5_1863,1485,Henry Duncan Grant
2154,p_2_114,14_5_1863,30_9_1864,1321,Henry Duncan Grant
2155,p_2_114,8_4_1870,1_6_1873,1398,Henry Duncan Grant
2163,p_2_116,181?,_,554,John Grant
2164,p_2_116,181?,_,1319,John Grant
2167,p_2_116,18_10_1832,_,1453,John Grant
2168,p_2_117,7_5_1860,_,1670,John Frederick George Grant
2173,p_2_118,17_5_1827,17_5_1828,772,Richard Grant
2175,p_2_118,2_5_1832,9_1832,283,Richard Grant
2177,p_2_118,7_11_1845,1846,1476,Richard Grant
2181,p_2_120,2_4_1846,_,290,Thomas Graves
2183,p_2_120,23_4_1847,_,290,Thomas Graves
2196,p_2_124,10_2_1864,4_5_1864,1473,Sidney Grenfell
2211,p_2_128,23_8_1841,1845,166,George Grey
2212,p_2_129,12_1_1825,12_1825,938,William Griffin
2213,p_2_129,1_8_1829,_,661,William Griffin
2214,p_2_129,28_6_1831,_,1525,William Griffin
2215,p_2_129,5_1833,_,1525,William Griffin
2216,p_2_129,15_9_1835,28_6_1838,116,William Griffin
2217,p_2_133,30_8_1850,_,1473,Edward Hall Gunnell
2222,p_3_0,20_10_1845,_,48,Cumberland Hadaway
2223,p_3_1,6_5_1856,_,1660,Henry Vachell Haggard
2224,p_3_3,17_1_1860,_,1064,Basil Sidmouth De Ros Hall
2227,p_3_3,12_5_1868,_,1082,Basil Sidmouth De Ros Hall
2229,p_3_5,19_11_1845,1848,673,Robert Hall
2230,p_3_5,23_8_1853,_,1489,Robert Hall
2231,p_3_5,5_1855,6_1855,655,Robert Hall
2234,p_3_6,1_1847,2_5_1847,1545,William Hutcheon Hall
2239,p_3_7,7_1_1845,1848,1654,William King Hall
2240,p_3_7,15_7_1851,_,1490,William King Hall
2242,p_3_7,19_2_1855,20_3_1856,557,William King Hall
2246,p_3_7,4_1_1862,14_4_1863,1352,William King Hall
2251,p_3_8,29_10_1853,_,290,Edward Knatchbull Hughes Hallett
2252,p_3_8,29_10_1855,_,1275,Edward Knatchbull Hughes Hallett
2255,p_3_10,6_12_1836,_,314,Edward Pellew Halstead
2261,p_3_12,25_6_1840,_,980,Cospatrick Baillie Hamilton
2262,p_3_12,2_10_1841,_,1236,Cospatrick Baillie Hamilton
2266,p_3_12,28_8_1854,_,290,Cospatrick Baillie Hamilton
2275,p_3_15,1865,4_1868,1461,Richard Vesey Hamilton
2276,p_3_15,12_4_1870,1873,6,Richard Vesey Hamilton
2287,p_3_17,1_1_1855,_,43,Lacon Usher Hammett
2288,p_3_18,24_6_1842,_,1356,Andrew Snape Hamond
2289,p_3_19,28_6_1835,_,1072,Graham Eden William Hamond
2293,p_3_19,23_2_1839,5_1840,786,Graham Eden William Hamond
2295,p_3_19,5_11_1846,23_1_1847,967,Graham Eden William Hamond
2298,p_3_21,5_11_1844,_,498,George Hancock
2299,p_3_21,13_4_1848,24_1_1850,710,George Hancock
2304,p_3_21,10_9_1867,1872,490,George Hancock
2310,p_3_24,18_3_1856,_,1504,Charles Egerton Harcourt-Vernon
2322,p_3_27,27_1_1859,_,1148,Edward Hardinge
2325,p_3_27,(1870),_,1621,Edward Hardinge
2328,p_3_28,12_6_1844,_,174,Earl of  Hardwicke
2330,p_3_28,11_1848,1_1850,1625,Earl of  Hardwicke
2331,p_3_29,1859,_,310,Marcus Augustus Stanley Hare
2332,p_3_29,24_3_1864,4_5_1864,1473,Marcus Augustus Stanley Hare
2333,p_3_29,5_5_1864,_,1473,Marcus Augustus Stanley Hare
2336,p_3_29,7_2_1877,24_3_1878,554,Marcus Augustus Stanley Hare
2339,p_3_30,7_6_1865,_,1409,Hon Richard Hare
2341,p_3_31,30_8_1841,16_4_1843,481,Samuel Fielding Harmer
2344,p_3_34,20_1_1854,_,781,Robert Harris
2346,p_3_35,26_10_1840,1841,46,Henry Cooke Harston
2350,p_3_35,1_4_1859,23_5_1861,781,Henry Cooke Harston
2354,p_3_36,1_2_1839,28_1_1842,786,Edward Harvey
2357,p_3_37,14_5_1863,18_11_1864,1485,Frederick Harvey
2363,p_3_39,15_11_1847,_,1489,Henry Harvey
2364,p_3_39,14_7_1853,_,1545,Henry Harvey
2366,p_3_39,20_2_1855,_,720,Henry Harvey
2373,p_3_41,28_7_1835,_,1352,Thomas Harvey
2377,p_3_41,2_8_1855,_,715,Thomas Harvey
2379,p_3_41,5_8_1861,_,720,Thomas Harvey
2380,p_3_41,7_2_1863,13_4_1863,340,Thomas Harvey
2382,p_3_42,11_8_1827,_,1217,Philip Hast
2383,p_3_42,182?,_,1217,Philip Hast
2387,p_3_42,17_11_1834,_,1182,Philip Hast
2388,p_3_42,20_4_1835,_,293,Philip Hast
2405,p_3_46,24_3_1857,31_5_1858,752,William Henry Haswell
2407,p_3_46,24_3_1869,_,1618,William Henry Haswell
2412,p_3_47,25_11_1833,_,267,George Hathorn
2415,p_3_48,7_9_1841,_,35,Henry Samuel Hawker
2428,p_3_53,9_1832,11_1836,283,Lord John Hay
2432,p_3_55,1848,1851,1204,Lord John Hay
2436,p_3_55,20_9_1859,1863,1083,Lord John Hay
2438,p_3_56,12_3_1827,12_10_1827,1319,John Baker Porter Hay
2452,p_3_57,19_1_1854,2_1855,1646,John Charles Dalrymple Hay
2457,p_3_58,1813,_,1585,Charles Haydon
2458,p_3_58,1813,_,1213,Charles Haydon
2463,p_3_58,6_11_1815,_,1251,Charles Haydon
2465,p_3_58,27_8_1846,1_9_1846,1197,Charles Haydon
2467,p_3_59,6_5_1843,_,481,Courtenay Osburn Hayes
2470,p_3_60,2_2_1848,_,293,John Montagu Hayes
2475,p_3_62,15_12_1840,9_1_1841,1204,Thomas Heard
2476,p_3_62,1_9_1841,9_1841,1204,Thomas Heard
2477,p_3_62,1_9_1841,_,1204,Thomas Heard
2479,p_3_62,29_11_1842,_,1358,Thomas Heard
2482,p_3_62,19_11_1860,_,1589,Thomas Heard
2490,p_3_63,17_12_1856,28_2_1857,976,Leopold George Heath
2496,p_3_65,15_12_1852,1_4_1853,750,Edmund Heathcote
2502,p_3_65,7_3_1865,31_1_1866,631,Edmund Heathcote
2503,p_3_66,29_12_1857,_,1331,William Henniker Heaton
2512,p_3_73,1824,_,1399,William Honeyman Henderson
2513,p_3_73,1824,_,48,William Honeyman Henderson
2518,p_3_73,3_1831,_,142,William Honeyman Henderson
2519,p_3_73,7_5_1831,2_10_1834,489,William Honeyman Henderson
2523,p_3_73,13_2_1850,_,184,William Honeyman Henderson
2524,p_3_73,4_2_1851,14_8_1853,184,William Honeyman Henderson
2526,p_3_74,2_9_1841,_,1646,William Willmott Henderson
2531,p_3_76,21_12_1861,4_6_1863,1489,Arthur Robert Henry
2534,p_3_77,16_9_1840,11_8_1841,1356,Hastings Reginald Henry
2537,p_3_77,(5_1842),14_2_1843,1236,Hastings Reginald Henry
2539,p_3_77,15_4_1843,_,35,Hastings Reginald Henry
2540,p_3_77,24_10_1853,20_12_1855,105,Hastings Reginald Henry
2541,p_3_77,20_12_1855,12_7_1856,229,Hastings Reginald Henry
2551,p_3_81,21_4_1813,_,1361,George Flower Herbert
2556,p_3_81,25_10_1824,_,733,George Flower Herbert
2557,p_3_81,7_6_1825,_,48,George Flower Herbert
2560,p_3_81,18_1_1827,_,842,George Flower Herbert
2561,p_3_82,25_11_1822,8_1823,1527,Thomas Herbert
2562,p_3_82,10_11_1837,_,253,Thomas Herbert
2564,p_3_83,19_9_1859,_,105,Edward W. Hereford
2567,p_3_84,6_8_1830,21_2_1832,1212,Edward Herrick
2568,p_3_84,29_6_1832,16_12_1834,293,Edward Herrick
2569,p_3_84,18_3_1836,1836,1000,Edward Herrick
2570,p_3_84,13_7_1838,_,116,Edward Herrick
2573,p_3_85,14_11_1837,_,516,Albert Heseltine
2574,p_3_85,3_4_1839,_,678,Albert Heseltine
2581,p_3_87,3_5_1861,26_11_1862,1305,William Nathan Wrighte Hewett
2586,p_3_87,5_1877,_,6,William Nathan Wrighte Hewett
2589,p_3_88,16_8_1837,_,1215,Richard Strode Hewlett
2591,p_3_88,10_8_1841,1845,781,Richard Strode Hewlett
2599,p_3_90,27_7_1875,17_8_1878,395,John Hext
2600,p_3_90,17_8_1878,_,1476,John Hext
2605,p_3_92,16_11_1848,_,710,Victor Grant Hickey
2606,p_3_92,7_4_1855,_,314,Victor Grant Hickey
2607,p_3_93,22_6_1859,_,655,Henry Dennis Hickley
2612,p_3_95,11_4_1844,1845,256,Edward Hill
2616,p_3_96,31_3_1826,_,980,Henry Worsley Hill
2618,p_3_96,21_9_1833,1_1_1834,77,Henry Worsley Hill
2619,p_3_96,2_1_1834,_,77,Henry Worsley Hill
2620,p_3_96,1_12_1834,7_1835,980,Henry Worsley Hill
2625,p_3_99,7_6_1855,_,655,Charles Farrell Hillyar
2627,p_3_99,14_6_1865,26_9_1865,1082,Charles Farrell Hillyar
2631,p_3_101,15_5_1840,7_8_1841,1445,William Hillyar
2634,p_3_102,20_6_1842,_,1236,Henry William Hire
2650,p_3_104,1855,_,490,Hon Augustus Charles Hobart
2651,p_3_104,15_8_1861,_,630,Hon Augustus Charles Hobart
2669,p_3_112,30_8_1841,1846,1072,James Everard Home
2671,p_3_113,9_1_1846,1849,1206,Arthur William Acland Hood
2673,p_3_113,6_5_1856,_,7,Arthur William Acland Hood
2677,p_3_114,24_5_1821,_,732,William John Thompson Hood
2678,p_3_114,23_7_1824,_,1319,William John Thompson Hood
2679,p_3_114,24_12_1824,_,778,William John Thompson Hood
2680,p_3_114,9_1_1828,12_1829,778,William John Thompson Hood
2683,p_3_115,24_1_1835,7_1835,489,Charles Hope
2687,p_3_115,6_2_1854,1_4_1854,1696,Charles Hope
2691,p_3_116,5_4_1870,_,1711,Charles Webley Hope
2695,p_3_118,23_11_1849,10_1852,1545,James Hope
2704,p_3_120,16_5_1854,_,799,Thomas Hope
2708,p_3_121,185?,_,915,John Ommanney Hopkins
2709,p_3_121,185?,_,1064,John Ommanney Hopkins
2710,p_3_121,24_11_1857,_,1243,John Ommanney Hopkins
2714,p_3_121,27_1_1880,_,1535,John Ommanney Hopkins
2716,p_3_122,15_1_1855,_,290,Edward George Hore
2718,p_3_122,12_12_1856,_,427,Edward George Hore
2723,p_3_123,14_5_1863,9_1865,508,Geoffrey Thomas Phipps Hornby
2724,p_3_124,6_1_1838,_,1705,Phipps Hornby
2725,p_3_125,7_2_1845,_,1490,William Windham Hornby
2729,p_3_128,12_1_1837,23_4_1837,489,John Cochrane Hoseason
2732,p_3_128,10_6_1846,_,813,John Cochrane Hoseason
2743,p_3_131,26_4_1875,7_9_1875,730,Anthony Hiley Hoskins
2747,p_3_133,27_7_1838,11_1839,1215,William Legge George Hoste
2748,p_3_133,12_4_1841,12_1842,1445,William Legge George Hoste
2765,p_3_135,(11_7_1882),_,54,Charles Frederick Hotham
2766,p_3_136,8_12_1832,_,314,Wallace Houston
2767,p_3_136,10_1_1833,_,1453,Wallace Houston
2769,p_3_136,9_6_1836,14_4_1838,927,Wallace Houston
2770,p_3_136,14_4_1838,1839,927,Wallace Houston
2773,p_3_136,17_8_1841,_,781,Wallace Houston
2774,p_3_136,3_8_1842,_,1174,Wallace Houston
2775,p_3_136,19_6_1852,_,1589,Wallace Houston
2777,p_3_137,31_3_1853,_,915,Edward Henry Howard
2778,p_3_137,22_10_1853,_,1206,Edward Henry Howard
2779,p_3_137,22_6_1855,_,490,Edward Henry Howard
2786,p_3_138,4_1_1832,_,1525,William Howat
2797,p_3_142,19_1_1870,_,1732,Francis Alexander Hume
2802,p_3_143,26_10_1840,_,1206,Henry Samuel Hunt
2809,p_3_145,22_8_1859,23_3_1861,105,Walter James Hunt-Grubbe
2812,p_3_145,24_5_1876,11_5_1877,1351,Walter James Hunt-Grubbe
2819,p_3_146,1_5_1834,_,1202,George Martin Hunter
2820,p_3_147,21_4_1856,_,1294,James Edward Hunter
2825,p_3_149,20_5_1852,3_3_1854,1212,Frederick Hutton
2827,p_3_149,16_6_1856,5_5_1857,1344,Frederick Hutton
2829,p_3_150,3_2_1855,_,1039,Henry Huxham
2830,p_3_151,6_11_1849,_,1174,John Matthew Robert Ince
2831,p_3_152,25_11_1842,1845,1358,Edward Augustus Inglefield
2832,p_3_152,5_3_1845,_,498,Edward Augustus Inglefield
2833,p_3_152,(11_1845),_,349,Edward Augustus Inglefield
2840,p_3_152,1866,1868,1210,Edward Augustus Inglefield
2842,p_3_153,18_9_1863,_,490,Frederick Warren Inglefield
2843,p_3_153,(1_1864),1_1864,1527,Frederick Warren Inglefield
2845,p_3_155,12_1_1837,_,489,Augustus Henry Ingram
2859,p_3_161,10_5_1856,11_11_1857,446,George Melville Jackson
2866,p_3_172,2_5_1849,_,283,Robert Jenkins
2868,p_3_172,23_7_1855,_,349,Robert Jenkins
2872,p_3_173,26_10_1840,_,1215,Robert Jenner
2874,p_3_173,5_12_1843,_,1476,Robert Jenner
2878,p_3_173,2_6_1853,7_2_1855,760,Robert Jenner
2882,p_3_176,7_7_1843,_,1174,William Henry Jervis
2884,p_3_177,6_3_1840,_,1215,Charles Richardson Johnson
2886,p_3_177,28_8_1841,_,1204,Charles Richardson Johnson
2887,p_3_177,12_11_1841,_,1316,Charles Richardson Johnson
2890,p_3_177,25_1_1845,_,92,Charles Richardson Johnson
2893,p_3_177,(24_7_1855),_,1582,Charles Richardson Johnson
2897,p_3_178,25_7_1867,29_11_1870,895,John Ormsby Johnson
2901,p_3_181,28_7_1830,_,1525,William Ward Percival Johnson
2902,p_3_181,26_10_1831,_,1525,William Ward Percival Johnson
2903,p_3_181,26_12_1831,6_1835,980,William Ward Percival Johnson
2905,p_3_182,6_1_1841,_,1204,Frederick Erskine Johnston
2906,p_3_182,28_8_1841,_,619,Frederick Erskine Johnston
2907,p_3_182,2_10_1841,_,1236,Frederick Erskine Johnston
2908,p_3_182,23_10_1844,_,619,Frederick Erskine Johnston
2911,p_3_183,1_2_1858,_,958,Arthur Henry John Johnstone
2920,p_3_185,5_12_1854,_,481,William George Hope Johnstone
2928,p_3_189,29_4_1843,_,781,Archibald Douglas Jolly
2931,p_3_189,1844,_,782,Archibald Douglas Jolly
2932,p_3_189,16_9_1845,_,782,Archibald Douglas Jolly
2933,p_3_189,10_1845,1847,773,Archibald Douglas Jolly
2944,p_3_192,9_2_1837,28_6_1838,1215,Lewis Tobias Jones
2947,p_3_192,18_11_1854,13_8_1855,915,Lewis Tobias Jones
2961,p_3_197,13_11_1848,_,1476,William Gore Jones
2962,p_3_197,18_3_1856,_,115,William Gore Jones
2965,p_3_199,7_6_1854,_,1545,John Parry Jones-Parry
2970,p_3_201,1_12_1841,_,1000,Humphrey John Julian
2983,p_3_205,4_4_1837,_,283,James Edward Katon
2986,p_3_205,20_8_1841,31_5_1845,781,James Edward Katon
2987,p_3_205,31_5_1859,22_5_1861,508,James Edward Katon
2989,p_3_207,5_8_1851,_,678,Hon. George Disney Keane
2992,p_3_208,22_11_1858,_,105,John Smith Keats
2994,p_3_210,16_12_1825,_,542,Arthur Kellett
2997,p_3_211,8_2_1845,1848,733,Henry Kellett
3001,p_3_212,3_2_1863,_,697,Edward Kelly
3007,p_3_212,6_9_1880,6_10_1882,6,Edward Kelly
3009,p_3_212,1_1_1886,21_6_1887,1039,Edward Kelly
3012,p_3_215,11_4_1870,_,786,Andrew James Kennedy
3016,p_3_216,24_10_1848,_,1204,John James Kennedy
3020,p_3_216,31_1_1866,31_8_1868,631,John James Kennedy
3025,p_3_218,14_11_1841,_,1182,Edward Hoile Kennett
3026,p_3_218,1_8_1842,_,1182,Edward Hoile Kennett
3027,p_3_219,1837,_,166,George Kenyon
3028,p_3_219,1837,_,1361,George Kenyon
3032,p_3_219,15_2_1838,_,1356,George Kenyon
3033,p_3_219,20_10_1841,4_1843,927,George Kenyon
3035,p_3_220,16_5_1834,1838,314,Henry Keppel
3037,p_3_220,1_11_1847,1851,928,Henry Keppel
3039,p_3_220,21_7_1855,1_1856,1316,Henry Keppel
3040,p_3_220,25_1_1856,17_9_1856,340,Henry Keppel
3045,p_3_222,1_4_1861,2_4_1864,184,Lord Frederick Herbert Kerr
3052,p_3_224,16_1_1859,5_4_1859,1646,Lord Walter Talbot Kerr
3057,p_3_224,12_2_1864,14_8_1867,1216,Lord Walter Talbot Kerr
3062,p_3_224,12_3_1880,16_12_1881,54,Lord Walter Talbot Kerr
3070,p_3_225,25_5_1860,13_7_1860,1696,Astley Cooper Key
3073,p_3_227,8_7_1859,_,1417,Richard George Kinahan
3077,p_3_228,3_6_1852,22_11_1854,883,George St Vincent King
3078,p_3_228,22_11_1854,21_7_1855,1316,George St Vincent King
3080,p_3_228,23_4_1857,_,1215,George St Vincent King
3084,p_3_229,30_5_1853,16_2_1854,1473,John Kingcome
3085,p_3_229,16_2_1854,16_6_1856,1344,John Kingcome
3097,p_3_235,30_3_1860,_,918,Henry Needham Knox
3099,p_3_236,24_4_1824,_,1453,Thomas Owen Knox
3101,p_3_236,7_7_1828,_,1233,Thomas Owen Knox
3109,p_3_237,30_3_1836,_,1000,Augustus Leopold Kuper
3113,p_3_237,14_6_1841,_,253,Augustus Leopold Kuper
3115,p_3_237,13_8_1855,24_1_1856,915,Augustus Leopold Kuper
3118,p_4_0,28_9_1835,20_1_1837,283,Henry James Lacon
3119,p_4_0,20_1_1837,_,1072,Henry James Lacon
3123,p_4_1,13_12_1845,_,339,Edward Lacy
3124,p_4_1,20_7_1848,20_7_1848,339,Edward Lacy
3127,p_4_1,31_12_1853,_,634,Edward Lacy
3129,p_4_1,25_7_1862,_,752,Edward Lacy
3137,p_4_4,24_2_1824,8_8_1825,262,George Robert Lambert
3140,p_4_5,18_2_1856,_,1294,Lionel Lambert
3145,p_4_7,20_6_1861,5_4_1862,450,Oliver Thomas Lang
3149,p_4_8,10_10_1829,_,1251,Joseph Millar Langtry
3150,p_4_8,19_11_1830,_,1525,Joseph Millar Langtry
3155,p_4_8,23_9_1841,12_1841,1204,Joseph Millar Langtry
3162,p_4_10,9_1_1827,_,1453,William Frederick Lapidge
3167,p_4_14,31_8_1822,_,507,John Lawrence
3171,p_4_17,2_8_1854,_,490,Robert Owen Leach
3178,p_4_20,18_10_1845,26_11_1847,1236,Henry John Leeke
3179,p_4_20,26_11_1847,27_1_1848,1361,Henry John Leeke
3180,p_4_20,28_1_1848,2_5_1848,1361,Henry John Leeke
3182,p_4_21,5_7_1851,_,427,Nicholas Lefebvre
3183,p_4_21,31_12_1853,12_12_1856,427,Nicholas Lefebvre
3185,p_4_22,24_12_1854,_,184,Benjamin Langlois Lefroy
3188,p_4_22,8_3_1867,24_12_1868,1464,Benjamin Langlois Lefroy
3194,p_4_24,28_6_1825,_,827,John Leith
3196,p_4_24,6_2_1837,10_1841,1399,John Leith
3197,p_4_25,24_8_1814,_,1212,Walter Leslie
3198,p_4_25,181?,9_1815,1475,Walter Leslie
3202,p_4_26,(30_6_1865),1856,752,Thomas Bridgeman Lethbridge
3210,p_4_28,18??,_,1402,Thomas Arundel Lewis
3213,p_4_28,31_3_1826,_,980,Thomas Arundel Lewis
3215,p_4_29,6_9_1856,_,927,Edmund Mortimer Leycester
3216,p_4_30,28_2_1827,_,1217,Francis Liardet
3223,p_4_31,22_4_1878,_,1527,William Henry Liddell
3225,p_4_32,17_5_1860,_,958,Charles Gowan Lindsay
3232,p_4_34,11_3_1828,1828,1491,Edward Littlehales
3233,p_4_34,1828,16_12_1831,1491,Edward Littlehales
3234,p_4_34,8_4_1834,1837,710,Edward Littlehales
3235,p_4_35,16_3_1842,_,1236,Edward Alexander Tylden Lloyd
3237,p_4_35,23_3_1844,_,653,Edward Alexander Tylden Lloyd
3241,p_4_35,27_9_1848,24_9_1850,919,Edward Alexander Tylden Lloyd
3242,p_4_36,1842,_,781,Henry Lloyd
3244,p_4_36,1842,_,516,Henry Lloyd
3251,p_4_38,30_8_1860,_,1545,Rodney Maclaine Lloyd
3252,p_4_38,6_3_1862,_,40,Rodney Maclaine Lloyd
3255,p_4_39,29_9_1814,12_1815,1005,Francis Erskine Loch
3256,p_4_39,21_3_1818,8_1821,507,Francis Erskine Loch
3257,p_4_39,31_1_1838,4_6_1839,710,Francis Erskine Loch
3258,p_4_39,19_9_1839,9_1841,1646,Francis Erskine Loch
3261,p_4_40,16_10_1846,_,41,Granville Gower Loch
3263,p_4_41,17_12_1824,12_10_1827,1319,Nicholas Lockyer
3266,p_4_43,22_7_1854,_,928,Edward Francis Lodder
3271,p_4_45,25_11_1852,_,634,William Loring
3273,p_4_45,1_9_1862,21_3_1866,1375,William Loring
3274,p_4_47,11_6_1841,6_1843,1489,William Louis
3276,p_4_48,9_6_1855,_,786,Arthur Lowe
3278,p_4_49,28_3_1839,_,432,Frederick Lowe
3279,p_4_49,8_1841,_,1490,Frederick Lowe
3285,p_4_50,1830,1_1831,1429,Gower Lowe
3293,p_4_51,26_8_1850,_,1202,Marcus Lowther
3294,p_4_51,1_7_1854,_,1476,Marcus Lowther
3296,p_4_52,20_11_1841,_,827,William Garnham Luard
3297,p_4_52,7_4_1848,_,710,William Garnham Luard
3300,p_4_52,3_7_1860,_,619,William Garnham Luard
3312,p_4_57,4_2_1860,_,710,Charles Maxwell Luckraft
3317,p_4_58,18??,_,1233,William Luckraft
3323,p_4_60,7_12_1825,_,256,Stephen Lushington
3329,p_4_60,2_7_1852,7_7_1855,48,Stephen Lushington
3334,p_4_61,9_12_1881,_,915,Percy Patt Luxmoore
3336,p_4_63,12_1854,9_8_1858,31,Algernon McLennan Lyons
3342,p_4_64,1_3_1842,_,1316,Edmund Moubray Lyons
3343,p_4_64,11_1_1844,_,1236,Edmund Moubray Lyons
3344,p_4_64,15_4_1844,_,35,Edmund Moubray Lyons
3346,p_4_64,10_4_1846,_,1422,Edmund Moubray Lyons
3347,p_4_64,7_6_1848,_,1174,Edmund Moubray Lyons
3358,p_4_68,20_12_1825,_,1212,Gordon Gallie Macdonald
3359,p_4_68,13_11_1828,_,314,Gordon Gallie Macdonald
3360,p_4_68,182?,1833,314,Gordon Gallie Macdonald
3364,p_4_70,4_7_1859,_,757,Reginald John James George Macdonald
3377,p_4_73,18_7_1838,_,1182,John Macdougall
3378,p_4_73,1841,1_8_1842,1182,John Macdougall
3379,p_4_73,1_8_1842,1846,1182,John Macdougall
3381,p_4_74,(1859),_,928,Malcolm Macgregor
3386,p_4_75,21_4_1866,_,619,Donald McLeod Mackenzie
3387,p_4_77,1846,_,1654,John Francis Campbell Mackenzie
3388,p_4_77,25_2_1854,_,1008,John Francis Campbell Mackenzie
3389,p_4_78,3_7_1860,_,619,Thomas Kirkpatrick Mackenzie
3391,p_4_79,28_9_1843,2_1845,86,William Maclean
3393,p_4_80,1859,_,1461,John Fiot Lee Pearse Maclear
3395,p_4_80,13_2_1864,14_8_1867,1216,John Fiot Lee Pearse Maclear
3396,p_4_80,30_10_1867,_,1082,John Fiot Lee Pearse Maclear
3400,p_4_81,30_5_1856,_,1062,Edward Madden
3404,p_4_81,22_3_1870,_,752,Edward Madden
3407,p_4_81,7_9_1875,11_12_1876,730,Edward Madden
3410,p_4_82,10_2_1845,_,733,Rochford Maguire
3419,p_4_83,1_8_1821,_,1251,Edward Reeves Philip Mainwaring
3422,p_4_83,7_4_1839,6_1841,516,Edward Reeves Philip Mainwaring
3423,p_4_84,20_1_1855,_,48,Horatio Laurence Arthur Lennox Maitland
3431,p_4_85,4_4_1835,10_1_1837,1600,Thomas Maitland
3433,p_4_85,10_11_1846,_,71,Thomas Maitland
3434,p_4_85,28_4_1848,_,1361,Thomas Maitland
3437,p_4_85,20_12_1853,19_3_1854,1646,Thomas Maitland
3439,p_4_86,16_3_1831,_,142,William Maitland
3441,p_4_86,12_4_1839,_,167,William Maitland
3443,p_4_87,10_7_1839,_,773,William Heriot Maitland
3446,p_4_87,31_1_1846,3_1847,516,William Heriot Maitland
3447,p_4_88,7_8_1851,_,678,Henry Cholmeley Majendie
3448,p_4_88,3_1856,_,40,Henry Cholmeley Majendie
3453,p_4_90,4_10_1847,_,927,Robert Mann
3454,p_4_91,1_4_1868,_,1210,William Frederick Stanley Mann
3457,p_4_92,9_1_1841,9_1841,1204,George Mansel
3460,p_4_92,29_5_1854,_,1204,George Mansel
3461,p_4_92,3_6_1854,9_1854,1476,George Mansel
3463,p_4_94,7_1_1856,_,1530,Arthur Lukis Mansell
3468,p_4_97,11_11_1854,14_2_1855,31,Alfred Markham
3469,p_4_97,15_2_1855,5_5_1855,1008,Alfred Markham
3470,p_4_97,14_6_1855,13_7_1855,1646,Alfred Markham
3472,p_4_97,13_1_1856,25_6_1858,1331,Alfred Markham
3473,p_4_97,1_10_1858,22_11_1858,1331,Alfred Markham
3474,p_4_97,23_11_1858,25_11_1859,1331,Alfred Markham
3477,p_4_97,22_9_1864,17_2_1867,6,Alfred Markham
3479,p_4_98,26_11_1852,_,1417,Joseph Henry Marryat
3480,p_4_98,10_5_1856,_,1725,Joseph Henry Marryat
3482,p_4_99,14_4_1849,_,743,John Barling Marsh
3483,p_4_99,18_2_1862,_,782,John Barling Marsh
3484,p_4_100,5_4_1853,_,1660,Edward Marshall
3487,p_4_102,18_12_1844,_,1148,Francis Marten
3488,p_4_102,16_8_1845,_,1206,Francis Marten
3490,p_4_102,19_10_1852,_,105,Francis Marten
3497,p_4_104,17_4_1827,_,1028,George Bohun Martin
3500,p_4_104,4_11_1844,_,498,George Bohun Martin
3501,p_4_104,30_9_1851,19_12_1852,1646,George Bohun Martin
3504,p_4_106,10_6_1853,_,1545,Thomas Hutchinson Mangles Martin
3506,p_4_107,15_11_1826,1831,1358,William Fanshawe Martin
3509,p_4_107,7_12_1847,21_12_1849,1212,William Fanshawe Martin
3512,p_4_108,25_1_1847,_,967,Thomas Henry Mason
3516,p_4_108,2_4_1864,31_8_1865,184,Thomas Henry Mason
3518,p_4_108,2_9_1865,_,267,Thomas Henry Mason
3519,p_4_109,25_6_1828,_,1251,Thomas Lecke Massie
3520,p_4_109,19_2_1830,_,1525,Thomas Lecke Massie
3521,p_4_109,7_4_1831,_,1212,Thomas Lecke Massie
3527,p_4_109,12_9_1854,_,1204,Thomas Lecke Massie
3529,p_4_110,20_6_1841,3_1843,184,Vincent Amcotts Massingberd
3530,p_4_110,17_11_1846,_,49,Vincent Amcotts Massingberd
3533,p_4_112,30_1_1835,_,489,Charles Mitchell Mathison
3534,p_4_112,10_4_1835,_,142,Charles Mitchell Mathison
3536,p_4_112,18_5_1837,1840,1000,Charles Mitchell Mathison
3538,p_4_112,2_1_1843,_,1476,Charles Mitchell Mathison
3545,p_4_114,5_7_1847,_,1206,Edward Eyre Maunsell
3546,p_4_114,5_2_1853,_,490,Edward Eyre Maunsell
3547,p_4_115,15_2_1808,_,1217,Robert Maunsell
3551,p_4_116,2_2_1854,_,31,Frederick Augustus Maxse
3557,p_4_118,14_10_1852,_,883,Charles Henry May
3559,p_4_118,(1865),17_5_1865,267,Charles Henry May
3565,p_4_120,23_4_1846,_,1198,James Johnstone McCleverty
3566,p_4_120,7_6_1853,_,1545,James Johnstone McCleverty
3574,p_4_122,6_1838,8_1839,1060,Robert John le Mesurier McClure
3575,p_4_122,17_8_1839,_,1174,Robert John le Mesurier McClure
3578,p_4_124,15_2_1851,_,49,John Dobree McCrea
3606,p_4_135,1_11_1855,4_2_1857,1356,George Frederick Mecham
3608,p_4_136,18_5_1836,_,980,Thomas Charles Meheux
3613,p_4_136,7_12_1844,_,1530,Thomas Charles Meheux
3618,p_4_138,17_10_1847,_,554,George Pechell Mends
3624,p_4_139,26_11_1836,_,1525,William Bowen Mends
3628,p_4_140,13_1_1837,_,1316,William Robert Mends
3629,p_4_140,18??,_,167,William Robert Mends
3631,p_4_140,3_11_1843,1846,629,William Robert Mends
3632,p_4_140,22_10_1853,1_1_1854,31,William Robert Mends
3634,p_4_140,14_2_1855,4_1857,1331,William Robert Mends
3648,p_4_143,20_3_1842,29_7_1842,934,Reynell Charles Michell
3649,p_4_143,29_7_1842,_,782,Reynell Charles Michell
3653,p_4_144,3_4_1854,_,655,George Nathaniel Broke Middleton
3654,p_4_144,28_6_1858,10_3_1859,286,George Nathaniel Broke Middleton
3656,p_4_145,6_7_1840,_,1316,David Miller
3659,p_4_145,23_11_1849,_,1545,David Miller
3665,p_4_147,28_4_1845,_,976,Robert Boyle Miller
3667,p_4_148,2_4_1853,_,385,Thomas Miller
3671,p_4_149,11_1_1860,9_2_1860,286,Thomas Edward Miller
3675,p_4_149,17_2_1864,13_6_1864,1216,Thomas Edward Miller
3679,p_4_149,17_5_1867,31_8_1868,750,Thomas Edward Miller
3695,p_4_152,17_10_1846,8_12_1847,1476,Alexander Milne
3696,p_4_152,9_12_1847,17_12_1847,1646,Alexander Milne
3699,p_4_154,7_9_1860,_,630,Alfred Mitchell
3700,p_4_155,22_7_1851,_,1148,Thomas Mitchell
3703,p_4_156,1_10_1840,13_3_1841,1236,John William Montagu
3704,p_4_157,(1854),_,1216,Hon Victor Alexander Montagu
3712,p_4_158,1_2_1861,_,285,John Eglinton Montgomerie
3715,p_4_159,12_3_1845,_,678,Alexander Leslie Montgomery
3719,p_4_161,3_11_1837,_,1206,William Backhouse Monypenny
3720,p_4_161,16_6_1838,1_1841,1493,William Backhouse Monypenny
3721,p_4_161,14_12_1847,_,1394,William Backhouse Monypenny
3722,p_4_162,24_5_1871,_,656,Arthur William Moore
3728,p_4_162,8_6_1897,3_8_1897,1286,Arthur William Moore
3729,p_4_163,30_10_1841,_,1236,John Moore
3730,p_4_163,26_7_1842,22_11_1843,35,John Moore
3733,p_4_163,1_3_1858,4_7_1859,757,John Moore
3739,p_4_166,20_5_1846,12_1846,1705,Thomas Edward Laws Moore
3745,p_4_168,13_8_1855,5_1_1856,883,William Moorsom
3749,p_4_169,9_8_1859,_,750,George Digby Morant
3750,p_4_169,11_7_1862,_,508,George Digby Morant
3751,p_4_169,8_3_1864,_,184,George Digby Morant
3752,p_4_169,23_11_1864,_,677,George Digby Morant
3755,p_4_169,1_10_1878,7_10_1882,1621,George Digby Morant
3756,p_4_169,(1883),1884,6,George Digby Morant
3758,p_4_170,1_3_1845,_,267,Fairfax Moresby
3759,p_4_170,12_12_1845,_,267,Fairfax Moresby
3770,p_4_176,20_4_1837,_,710,Henry Gage Morris
3771,p_4_176,25_5_1838,_,733,Henry Gage Morris
3773,p_4_176,10_6_1841,_,293,Henry Gage Morris
3776,p_4_176,17_11_1845,_,1476,Henry Gage Morris
3777,p_4_176,20_10_1847,_,256,Henry Gage Morris
3781,p_4_178,19_10_1843,_,773,William Morris
3783,p_4_178,16_12_1844,_,92,William Morris
3785,p_4_178,30_8_1852,_,516,William Morris
3786,p_4_179,8_3_1854,_,782,Samuel Morrish
3787,p_4_179,19_5_1860,_,782,Samuel Morrish
3788,p_4_180,2_4_1833,_,1476,William Henry Anderson Morshead
3791,p_4_180,30_5_1834,_,1525,William Henry Anderson Morshead
3794,p_4_180,1_6_1838,_,773,William Henry Anderson Morshead
3797,p_4_181,23_9_1844,25_3_1846,1646,George Moubray
3800,p_4_182,18_12_1852,_,1083,William Mould
3801,p_4_182,2_1855,_,1352,William Mould
3803,p_4_182,28_6_1862,_,1206,William Mould
3819,p_4_184,28_6_1851,1_1852,915,George Rodney Mundy
3821,p_4_184,1_4_1852,16_4_1853,915,George Rodney Mundy
3827,p_4_187,3_9_1858,_,1331,Elibank Harley Murray
3828,p_4_187,25_8_1869,_,1660,Elibank Harley Murray
3830,p_4_189,10_12_1845,_,1545,Charles Murray-Aynsley
3831,p_4_189,17_7_1857,_,115,Charles Murray-Aynsley
3837,p_4_191,26_3_1834,_,1072,Charles George Elers Napier
3840,p_4_191,20_11_1847,20_12_1847,126,Charles George Elers Napier
3847,p_4_194,1858,1859,781,George Strong Nares
3850,p_4_194,7_1865,_,1356,George Strong Nares
3851,p_4_194,31_3_1868,_,1059,George Strong Nares
3857,p_4_196,5_9_1856,_,1318,Charles Gudgeon Nelson
3859,p_4_196,6_7_1867,_,283,Charles Gudgeon Nelson
3865,p_4_198,9_5_1839,1841,349,Evan Nepean
3867,p_4_200,21_3_1838,9_4_1838,1215,Charles Frankland Newland
3869,p_4_200,25_8_1838,17_12_1838,1215,Charles Frankland Newland
3871,p_4_200,24_7_1840,11_1_1842,1206,Charles Frankland Newland
3872,p_4_200,12_1_1842,5_8_1842,489,Charles Frankland Newland
3874,p_4_200,17_1_1843,10_8_1846,1464,Charles Frankland Newland
3875,p_4_200,11_8_1846,1_11_1846,1464,Charles Frankland Newland
3876,p_4_200,2_11_1846,30_7_1847,1464,Charles Frankland Newland
3879,p_4_202,24_5_1838,_,733,Joseph Nias
3880,p_4_202,31_8_1850,8_9_1851,1473,Joseph Nias
3884,p_4_206,1857,_,888,Granville Toup Nicolas
3888,p_4_207,30_9_1841,_,1654,John Toup Nicolas
3892,p_4_208,26_12_1853,_,1182,Frederick William Erskine Nicolson
3893,p_4_210,16_5_1839,_,314,Mathew Stainton Nolloth
3894,p_4_210,16_4_1842,11_7_1844,314,Mathew Stainton Nolloth
3898,p_4_210,16_7_1861,_,1215,Mathew Stainton Nolloth
3899,p_4_210,1_5_1867,_,1473,Mathew Stainton Nolloth
3900,p_4_210,27_5_1869,30_6_1869,1473,Mathew Stainton Nolloth
3903,p_4_211,23_10_1843,_,1476,George Lowcay Norcock
3906,p_4_212,29_10_1860,_,752,Edward Thomas Nott
3907,p_4_212,20_4_1866,20_4_1867,786,Edward Thomas Nott
3909,p_4_213,10_2_1838,11_1839,967,John Neale Nott
3915,p_4_215,3_12_1841,_,1445,Joseph Nourse
3917,p_4_215,6_2_1845,_,1316,Joseph Nourse
3924,p_4_216,14_1_1841,_,1204,William Calmady Nowell
3925,p_4_216,22_9_1841,_,1204,William Calmady Nowell
3926,p_4_216,16_3_1842,_,619,William Calmady Nowell
3927,p_4_216,15_4_1844,1844,1236,William Calmady Nowell
3928,p_4_217,8_12_1827,_,677,Hugh Nurse
3937,p_4_222,22_9_1841,_,256,Graham Ogle
3939,p_4_224,1_11_1847,_,928,Radulphus Bryce Oldfield
3945,p_4_224,21_4_1873,_,6,Radulphus Bryce Oldfield
3946,p_4_225,(30_4_1846),_,1490,George Oldmixon
3949,p_4_226,30_10_1841,_,1236,Richard Aldworth Oliver
3953,p_4_227,3_4_1837,1_10_1840,562,William Browne Oliver
3956,p_4_229,7_10_1836,_,1182,Erasmus Ommanney
3960,p_4_229,4_4_1854,3_1_1855,554,Erasmus Ommanney
3967,p_4_231,5_1844,_,877,John Orlebar
3968,p_4_231,28_4_1845,_,1654,John Orlebar
3969,p_4_231,1_1_1861,_,1064,John Orlebar
3970,p_4_233,4_5_1846,1848,339,Sherard Osborn
3974,p_4_233,18_8_1855,_,971,Sherard Osborn
3975,p_4_233,11_5_1857,1859,634,Sherard Osborn
3982,p_4_234,25_2_1854,_,43,Henry Charles Otter
3984,p_4_234,13_5_1856,_,1199,Henry Charles Otter
3987,p_4_236,10_10_1838,21_2_1839,1215,George Graham Otway
3988,p_4_236,21_2_1839,_,721,George Graham Otway
3990,p_4_236,5_6_1840,_,1445,George Graham Otway
3991,p_4_236,13_8_1840,_,967,George Graham Otway
3992,p_4_236,25_5_1843,18_5_1846,1660,George Graham Otway
3994,p_4_237,8_10_1832,1835,1453,Robert Jocelyn Otway
3997,p_4_237,16_5_1843,_,283,Robert Jocelyn Otway
3999,p_4_237,2_8_1855,2_1857,1422,Robert Jocelyn Otway
4002,p_4_238,7_9_1861,_,720,Arthur Rodney Owen
4006,p_5_1,1870,_,917,Arthur Cecil Henry Paget
4010,p_5_1,1_4_1890,1893,122,Arthur Cecil Henry Paget
4016,p_5_2,23_8_1841,1845,35,Lord Clarence Edward Paget
4019,p_5_5,2_9_1845,_,1206,Thomas Alexander Pakenham
4026,p_5_7,6_8_1853,_,1206,George Palmer
4027,p_5_7,9_11_1854,_,76,George Palmer
4031,p_5_7,12_7_1861,_,1217,George Palmer
4032,p_5_7,4_10_1867,8_4_1870,1321,George Palmer
4033,p_5_8,16_1_1860,_,283,John Palmer
4035,p_5_9,9_1843,1845,256,John Jervis Palmer
4037,p_5_9,24_12_1846,_,655,John Jervis Palmer
4040,p_5_10,23_7_1852,25_9_1852,105,John Edward Parish
4042,p_5_10,17_4_1868,5_12_1868,1461,John Edward Parish
4046,p_5_12,11_3_1811,_,1019,Hyde Parker
4048,p_5_12,15_3_1818,12_6_1821,822,Hyde Parker
4049,p_5_12,1_5_1830,_,1476,Hyde Parker
4050,p_5_12,19_12_1831,2_1833,1646,Hyde Parker
4052,p_5_13,15_5_1846,4_8_1847,359,Hyde Parker
4063,p_5_15,(8_11_1877),_,1039,George Henry Parkin
4068,p_5_17,10_9_1888,_,1206,Alfred Arthur Chase Parr
4070,p_5_17,26_11_1896,_,1211,Alfred Arthur Chase Parr
4071,p_5_18,7_4_1854,_,554,Robert Augustus Parr
4072,p_5_18,1_2_1858,_,888,Robert Augustus Parr
4074,p_5_19,14_3_1857,_,1504,Charles Parry
4078,p_5_20,9_2_1810,_,54,William Edward Parry
4080,p_5_20,8_1814,_,938,William Edward Parry
4081,p_5_20,7_1815,_,92,William Edward Parry
4083,p_5_20,6_1816,3_1817,1062,William Edward Parry
4087,p_5_21,17_7_1857,_,310,George Parsons
4092,p_5_22,14_2_1831,_,1072,John Parsons
4093,p_5_22,18_5_1831,1833,1072,John Parsons
4094,p_5_23,1_4_1846,22_9_1847,1646,John Pasco
4101,p_5_27,11_10_1849,6_1854,1375,Thomas Sabine Pasley
4102,p_5_27,10_1854,27_11_1854,1331,Thomas Sabine Pasley
4103,p_5_27,27_11_1854,10_2_1856,31,Thomas Sabine Pasley
4105,p_5_29,16_8_1837,_,1215,Charles George Edward Patey
4106,p_5_29,22_2_1840,_,283,Charles George Edward Patey
4109,p_5_29,1_1_1858,_,1646,Charles George Edward Patey
4122,p_5_30,2_4_1861,5_1862,340,George Edwin Patey
4124,p_5_31,7_11_1849,1_1851,766,Frederick Patten
4126,p_5_32,1_8_1870,_,1535,John Robert Ebenezer Pattisson
4131,p_5_32,22_9_1897,12_5_1898,1316,John Robert Ebenezer Pattisson
4138,p_5_35,7_2_1829,1832,1399,John Thomas Paulson
4147,p_5_38,8_1_1840,_,184,Joseph Pearse
4150,p_5_39,1_3_1858,_,7,Richard Bulkeley Pearse
4158,p_5_41,31_3_1863,_,653,Mark Robert Pechell
4165,p_5_44,184?,_,71,William Peel
4167,p_5_44,15_5_1846,_,359,William Peel
4170,p_5_44,6_1_1855,_,883,William Peel
4176,p_5_46,24_5_1834,_,1453,Edward Peirse
4177,p_5_46,6_3_1835,_,489,Edward Peirse
4189,p_5_48,1837,1838,1600,Frederick Thomas Pelham
4190,p_5_48,24_5_1847,_,1083,Frederick Thomas Pelham
4191,p_5_48,14_8_1853,18_11_1854,184,Frederick Thomas Pelham
4193,p_5_48,5_6_1856,21_11_1857,184,Frederick Thomas Pelham
4194,p_5_49,8_10_1814,2_1817,981,Watkin Owen Pell
4198,p_5_50,30_11_1860,_,958,Pownoll William Pellew
4199,p_5_50,20_4_1867,_,786,Pownoll William Pellew
4200,p_5_51,30_1_1840,_,77,Richard Wilson Pelly
4203,p_5_52,7_11_1889,_,339,Charles Cooper Penrose-Fitzgerald
4210,p_5_57,11_3_1852,_,184,Lumley Woodyear Peyton
4215,p_5_62,16_11_1853,_,967,Augustus Phillimore
4218,p_5_63,2_8_1855,_,49,Robert Phillipps
4227,p_5_67,17_8_1850,_,48,Shute Barrington Piers
4228,p_5_67,(9_6_1858),_,752,Shute Barrington Piers
4235,p_5_68,1794,_,1216,Hugh Pigot
4238,p_5_68,1???,_,655,Hugh Pigot
4239,p_5_68,1???,_,1504,Hugh Pigot
4241,p_5_68,1???,1802,22,Hugh Pigot
4250,p_5_68,1814,_,456,Hugh Pigot
4253,p_5_68,9_3_1831,1834,142,Hugh Pigot
4259,p_5_71,28_2_1846,_,314,John Charles Pitman
4260,p_5_72,7_6_1814,_,393,James Hanway Plumridge
4262,p_5_72,29_4_1816,2_1817,76,James Hanway Plumridge
4265,p_5_72,7_4_1837,1841,116,James Hanway Plumridge
4266,p_5_72,5_8_1847,1850,256,James Hanway Plumridge
4267,p_5_73,10_9_1834,_,283,Edward Plunkett
4275,p_5_74,1_1_1881,18_9_1883,1618,James Augustus Poland
4282,p_5_77,16_1_1860,_,310,George Poole
4283,p_5_78,2_1826,_,656,Brunswick Popham
4286,p_5_78,30_10_1828,20_4_1830,812,Brunswick Popham
4289,p_5_79,27_7_1853,_,813,George Otway Popplewell
4304,p_5_83,23_5_1843,_,1660,Edward Roche Power
4305,p_5_83,22_5_1846,_,1660,Edward Roche Power
4309,p_5_84,6_9_1856,1859,1216,Francis Mowbray Prattent
4310,p_5_84,7_3_1860,17_4_1860,286,Francis Mowbray Prattent
4312,p_5_84,6_7_1868,_,213,Francis Mowbray Prattent
4313,p_5_84,31_5_1875,_,490,Francis Mowbray Prattent
4316,p_5_85,31_3_1858,1_9_1858,31,George William Preedy
4324,p_5_88,24_1_1826,_,1491,William Preston
4325,p_5_88,25_11_1828,1832,1493,William Preston
4326,p_5_88,13_11_1837,_,516,William Preston
4327,p_5_90,(1854),_,1660,James Charles Prevost
4334,p_5_92,1_5_1834,1838,1202,David Price
4336,p_5_92,1_3_1848,_,1696,David Price
4340,p_5_94,1_1_1890,_,395,John Rolleston Prickett
4342,p_5_95,24_3_1842,23_12_1844,489,Benjamin Portland Priest
4344,p_5_95,25_11_1845,_,673,Benjamin Portland Priest
4346,p_5_95,13_3_1849,_,105,Benjamin Portland Priest
4347,p_5_95,(17_11_1853),29_6_1854,888,Benjamin Portland Priest
4349,p_5_95,5_1_1855,_,752,Benjamin Portland Priest
4350,p_5_95,1_1_1858,_,1375,Benjamin Portland Priest
4351,p_5_95,1_1_1863,_,1375,Benjamin Portland Priest
4356,p_5_96,181?,_,1716,Daniel Pring
4360,p_5_97,23_11_1859,_,1331,Charles Pringle
4365,p_5_102,1_11_1853,_,1375,Henry Pryce
4368,p_5_103,23_12_1825,1829,1453,William David Puget
4369,p_5_103,6_8_1831,_,827,William David Puget
4370,p_5_104,20_2_1852,9_1854,1072,William John Samuel Pullen
4374,p_5_104,27_5_1869,_,1618,William John Samuel Pullen
4376,p_5_106,17_7_1854,_,1464,Francis Reginald Purvis
4380,p_5_107,23_2_1848,15_5_1848,1654,George Thomas Maitland Purvis
4381,p_5_107,15_5_1848,_,41,George Thomas Maitland Purvis
4382,p_5_107,22_1_1850,_,710,George Thomas Maitland Purvis
4387,p_5_110,7_7_1846,_,1654,Richard Purvis
4388,p_5_110,20_2_1847,_,71,Richard Purvis
4394,p_5_112,5_12_1825,_,1251,Richard Elsworthy Pym
4395,p_5_113,28_5_1849,17_9_1849,285,William Henry Pym
4396,p_5_113,18_9_1849,_,285,William Henry Pym
4403,p_5_113,9_5_1866,2_7_1867,115,William Henry Pym
4404,p_5_113,30_5_1870,9_4_1871,213,William Henry Pym
4407,p_5_114,29_11_1841,1844,1000,Michael Quin
4410,p_5_115,10_3_1842,_,166,Richard Robert Quin
4411,p_5_115,30_5_1844,_,339,Richard Robert Quin
4414,p_5_116,23_2_1840,22_11_1840,1148,William Henry Quin
4415,p_5_117,1_8_1856,_,971,Henry James Raby
4416,p_5_117,14_10_1859,26_1_1860,1697,Henry James Raby
4417,p_5_117,27_1_1860,_,49,Henry James Raby
4419,p_5_118,4_3_1845,1848,86,William Radcliffe
4420,p_5_119,3_8_1838,_,1174,George Ramsay
4421,p_5_119,21_8_1849,1852,41,George Ramsay
4423,p_5_119,27_7_1857,1_9_1862,1375,George Ramsay
4426,p_5_120,3_5_1847,_,1545,William Ramsay
4428,p_5_121,19_9_1838,_,1072,George Granville Randolph
4433,p_5_121,28_10_1861,1_4_1862,450,George Granville Randolph
4434,p_5_121,1_4_1862,16_5_1865,1096,George Granville Randolph
4440,p_5_123,6_7_1846,_,1646,James Rawstorne
4441,p_5_123,29_12_1848,_,86,James Rawstorne
4443,p_5_124,2_8_1864,20_4_1866,786,Edward Hood Lingard Ray
4445,p_5_127,26_11_1823,_,1251,William Viner Read
4448,p_5_127,7_6_1828,_,48,William Viner Read
4452,p_5_127,1_1_1843,_,580,William Viner Read
4453,p_5_127,1_8_1843,_,427,William Viner Read
4454,p_5_128,21_9_1833,1_1_1834,77,Archibald Reed
4455,p_5_128,2_1_1834,_,77,Archibald Reed
4462,p_5_129,1816,_,207,John Reeve
4466,p_5_131,22_12_1855,12_7_1856,229,Robert Reid
4467,p_5_131,12_7_1856,_,229,Robert Reid
4469,p_5_134,3_10_1810,_,105,Barrington Reynolds
4470,p_5_134,1811,_,747,Barrington Reynolds
4475,p_5_135,9_6_1834,_,710,George Stewart Reynolds
4476,p_5_135,25_4_1837,_,877,George Stewart Reynolds
4477,p_5_137,12_9_1854,_,481,Edward Bridges Rice
4479,p_5_137,25_8_1858,10_1859,1331,Edward Bridges Rice
4481,p_5_137,5_5_1864,1_5_1867,1473,Edward Bridges Rice
4485,p_5_139,30_9_1841,_,1236,George Frederick Rich
4487,p_5_139,16_1_1843,21_4_1844,1236,George Frederick Rich
4488,p_5_139,21_4_1844,1845,619,George Frederick Rich
4508,p_5_145,5_1_1843,_,1236,Richard McKinley Richardson
4512,p_5_145,20_5_1845,1847,1358,Richard McKinley Richardson
4517,p_5_147,1_11_1869,_,1732,Stuart Hamilton Rickman
4519,p_5_147,9_1_1883,_,1206,Stuart Hamilton Rickman
4528,p_5_151,6_3_1845,_,86,Richard Hawkins Risk
4529,p_5_151,28_1_1847,_,170,Richard Hawkins Risk
4532,p_5_152,6_12_1850,_,1669,William Thomas Rivers
4534,p_5_154,12_12_1845,_,655,John Robb
4536,p_5_155,9_11_1843,_,48,Edward Forward Roberts
4551,p_5_159,11_2_1848,_,1361,Charles Gepp Robinson
4553,p_5_159,20_12_1854,_,290,Charles Gepp Robinson
4556,p_5_160,28_11_1868,1_1871,1305,Frederick Charles Bryan Robinson
4558,p_5_161,26_4_1859,_,1476,George Robinson
4561,p_5_161,1_1871,29_5_1872,1305,George Robinson
4562,p_5_161,17_9_1877,_,1578,George Robinson
4565,p_5_162,30_4_1834,_,458,John James Robinson
4567,p_5_162,2_10_1841,9_3_1842,1236,John James Robinson
4568,p_5_162,10_3_1842,_,1236,John James Robinson
4571,p_5_162,1_1844,_,166,John James Robinson
4572,p_5_164,5_5_1831,1834,489,Robert Spencer Robinson
4581,p_5_164,1_2_1858,25_4_1859,557,Robert Spencer Robinson
4582,p_5_164,25_4_1859,25_5_1860,1696,Robert Spencer Robinson
4584,p_5_165,10_1_1837,_,1356,William Robinson
4591,p_5_169,7_1_1860,_,40,Arthur George Robertson Roe
4597,p_5_172,1_3_1837,23_4_1838,349,Henry Downing Rogers
4602,p_5_172,15_10_1846,_,1625,Henry Downing Rogers
4603,p_5_172,9_6_1847,16_11_1847,1476,Henry Downing Rogers
4604,p_5_172,16_11_1847,_,1476,Henry Downing Rogers
4609,p_5_173,(20_8_1870),_,1287,William Rae Rolland
4615,p_5_176,(3_11_1855),_,1697,John Francis Ross
4620,p_5_177,30_5_1859,_,888,Henry Lewis Round
4622,p_5_178,24_12_1852,20_5_1854,1202,Charles John Rowley
4626,p_5_178,26_1_1860,_,1064,Charles John Rowley
4630,p_5_178,12_10_1875,_,825,Charles John Rowley
4633,p_5_178,9_5_1882,27_10_1884,490,Charles John Rowley
4635,p_5_179,31_12_1842,9_1845,1476,Richard Freeman Rowley
4640,p_5_182,19_10_1843,5_8_1848,629,Joseph Sparkhall Rundle
4642,p_5_183,1827,_,426,Lord Edward Russell
4647,p_5_183,13_1_1851,_,1625,Lord Edward Russell
4649,p_5_184,7_6_1848,_,1600,Francis John Russell
4652,p_5_186,26_7_1838,11_1839,967,John Russell
4653,p_5_186,28_7_1840,_,1489,John Russell
4654,p_5_186,24_7_1841,1845,92,John Russell
4658,p_5_188,6_8_1841,1845,781,Gilbert Brydone Rutherford
4664,p_5_190,22_9_1841,1845,166,Alfred Phillipps Ryder
4673,p_6_0,(21_1_1876),_,1618,Nowell Salmon
4683,p_6_2,23_3_1828,_,934,Williams Sandom
4685,p_6_2,21_4_1838,9_1843,1060,Williams Sandom
4689,p_6_5,23_1_1854,_,247,Philip Saumarez
4690,p_6_5,23_11_1871,_,216,Philip Saumarez
4696,p_6_7,1_1861,4_1862,1473,Prince Alfred Ernest Albert Saxe-Coburg-Gotha
4697,p_6_7,12_6_1863,23_2_1866,1243,Prince Alfred Ernest Albert Saxe-Coburg-Gotha
4701,p_6_8,13_7_1838,_,710,Charles Frederick Schomberg
4703,p_6_8,11_1843,_,1530,Charles Frederick Schomberg
4708,p_6_9,1_9_1837,8_6_1841,980,Herbert Schomberg
4720,p_6_13,18_12_1852,3_2_1855,1083,Francis Scott
4722,p_6_13,1_2_1858,12_6_1860,184,Francis Scott
4726,p_6_13,2_3_1863,1_3_1866,1646,Francis Scott
4729,p_6_14,16_6_1834,1836,1206,James Scott
4730,p_6_14,30_8_1837,10_1839,1206,James Scott
4731,p_6_14,31_10_1839,1841,1358,James Scott
4733,p_6_15,26_8_1870,_,1206,John Binney Scott
4736,p_6_16,31_12_1860,_,1064,Peter Astle Scott
4739,p_6_19,12_5_1815,_,1729,Charles Henry Seale
4741,p_6_19,8_6_1824,_,1251,Charles Henry Seale
4743,p_6_20,21_7_1858,_,752,John Seccombe
4744,p_6_20,13_12_1859,_,752,John Seccombe
4745,p_6_20,1_4_1863,30_4_1863,697,John Seccombe
4746,p_6_20,1_5_1863,_,490,John Seccombe
4749,p_6_21,30_5_1844,_,48,Frederick Leopold Augustus Selwyn
4755,p_6_22,6_2_1857,24_2_1858,1422,Jasper Henry Selwyn
4765,p_6_24,29_8_1844,_,339,Frederick Beauchamp Paget Seymour
4770,p_6_24,5_8_1867,_,1646,Frederick Beauchamp Paget Seymour
4780,p_6_26,1_1813,9_1814,887,George Francis Seymour
4786,p_6_27,21_8_1856,19_3_1859,1646,George Henry Seymour
4789,p_6_28,8_8_1825,_,262,Michael Seymour
4790,p_6_28,9_1_1827,_,981,Michael Seymour
4795,p_6_28,16_1_1845,1848,1654,Michael Seymour
4797,p_6_29,28_6_1838,_,283,Charles Frederick Alexander Shadwell
4801,p_6_29,18_2_1861,8_1862,0,Charles Frederick Alexander Shadwell
4803,p_6_30,18_3_1836,_,1000,Alexander Renton Sharpe
4804,p_6_31,7_2_1856,_,542,Philip Ruffle Sharpe
4813,p_6_35,29_4_1828,1_6_1831,1358,William Shepheard
4815,p_6_36,14_5_1846,7_10_1846,1476,John Shepherd
4817,p_6_36,20_3_1853,19_9_1853,1646,John Shepherd
4818,p_6_37,14_2_1838,5_1841,432,Joseph Sherer
4821,p_6_38,1_1_1843,_,580,William Louis Sheringham
4822,p_6_38,1_8_1845,_,427,William Louis Sheringham
4823,p_6_38,1_12_1847,_,1646,William Louis Sheringham
4826,p_6_39,24_8_1841,9_1846,1197,William Henry Shirreff
4828,p_6_40,30_12_1859,_,1064,Peter Frederick Shortland
4834,p_6_43,20_3_1862,_,1027,Cortland Herbert Simpson
4836,p_6_43,1_4_1877,1_4_1780,730,Cortland Herbert Simpson
4840,p_6_44,14_1_1854,_,1216,James Simpson
4841,p_6_44,29_7_1856,_,1216,James Simpson
4845,p_6_45,21_12_1844,9_11_1846,1318,John Simpson
4847,p_6_46,(1866),10_8_1866,732,Morgan Singer
4848,p_6_46,10_8_1866,2_6_1869,395,Morgan Singer
4851,p_6_49,19_6_1855,_,883,Sidmouth Stowell Skipwich
4854,p_6_50,22_11_1861,_,213,Grey Skipwith
4867,p_6_55,7_11_1849,_,799,Robert Smart
4868,p_6_55,22_5_1854,27_7_1857,1375,Robert Smart
4869,p_6_56,15_10_1813,9_1815,310,Charles Smith
4870,p_6_56,181?,9_1815,310,Charles Smith
4871,p_6_56,181?,9_1815,310,Charles Smith
4873,p_6_56,11_3_1823,_,1251,Charles Smith
4880,p_6_60,13_2_1844,_,919,George Thomas Cleather Smith
4883,p_6_61,6_7_1832,_,432,George Woodberry Smith
4885,p_6_61,28_9_1842,_,1705,George Woodberry Smith
4891,p_6_64,8_9_1829,_,934,Henry Smith
4901,p_6_67,20_7_1857,_,1639,Thomas Edward Smith
4905,p_6_68,9_8_1841,_,1422,William Smith
4908,p_6_69,10_7_1856,_,782,Marcus Edmiston Smithett
4909,p_6_70,11_6_1832,2_12_1833,458,Francis Smyth
4910,p_6_71,4_6_1831,24_1_1835,1358,William Smyth
4912,p_6_71,19_9_1838,30_9_1843,678,William Smyth
4915,p_6_73,12_11_1866,_,1398,John Clark Soady
4919,p_6_74,4_2_1853,_,490,Leveson Eliot Henry Somerset
4924,p_6_75,19_2_1840,_,1148,Philip Hodge Somerville
4925,p_6_75,4_2_1841,21_10_1841,1148,Philip Hodge Somerville
4932,p_6_76,21_8_1841,30_10_1841,927,Edward Southwell Sotheby
4934,p_6_76,6_6_1850,_,1394,Edward Southwell Sotheby
4937,p_6_76,13_4_1863,3_1_1864,340,Edward Southwell Sotheby
4941,p_6_79,7_12_1841,1845,827,Hon. John Welbore Sunderland Spencer
4942,p_6_79,7_11_1845,_,1476,Hon. John Welbore Sunderland Spencer
4943,p_6_79,9_5_1846,12_1846,1545,Hon. John Welbore Sunderland Spencer
4944,p_6_79,24_11_1846,_,1646,Hon. John Welbore Sunderland Spencer
4956,p_6_84,4_7_1839,_,980,George Sprigg
4958,p_6_85,2_6_1858,_,1545,Henry Craven St John
4964,p_6_88,26_4_1866,_,1082,Cecil George Sloane Stanley
4966,p_6_89,3_8_1833,27_5_1834,432,Edward Stanley
4968,p_6_89,18_7_1845,_,253,Edward Stanley
4969,p_6_90,18_7_1831,_,857,Owen Stanley
4970,p_6_90,19_10_1831,_,1217,Owen Stanley
4976,p_6_91,14_8_1845,_,1206,William Pearse Stanley
4977,p_6_92,13_7_1837,10_1840,1300,Charles Starmer
4981,p_6_94,11_7_1859,_,1670,Prescot William Stephens
4987,p_6_96,18_1_1867,26_4_1868,1316,Henry Frederick Stephenson
4995,p_6_100,18_5_1837,4_5_1842,1646,James Agnew Stevens
4999,p_6_101,21_10_1823,12_1826,981,Houston Stewart
5000,p_6_101,9_4_1839,5_1842,167,Houston Stewart
5003,p_6_102,21_9_1854,18_2_1859,1039,Keith Stewart
5004,p_6_103,3_1855,_,1175,Hon Keith Stewart
5006,p_6_105,3_1843,_,781,William Houston Stewart
5008,p_6_105,28_11_1845,1847,673,William Houston Stewart
5009,p_6_105,5_8_1851,1853,1660,William Houston Stewart
5013,p_6_105,3_5_1860,6_1863,958,William Houston Stewart
5022,p_6_108,25_1_1826,1_1828,1491,James Stirling
5026,p_6_110,17_1_1864,_,730,John Edward Stokes
5038,p_6_113,13_3_1837,_,1215,Edward Stopford
5039,p_6_113,11_5_1841,7_1841,1215,Edward Stopford
5044,p_6_114,(5_1859),1_5_1860,557,James John Stopford
5048,p_6_115,1_1852,1_4_1852,915,Montagu Stopford
5053,p_6_117,13_3_1841,4_1842,1526,Robert Fanshawe Stopford
5056,p_6_118,23_10_1845,15_10_1846,1294,Henry Alexander Story
5057,p_6_118,16_10_1846,_,1625,Henry Alexander Story
5059,p_6_118,12_12_1856,1_2_1858,498,Henry Alexander Story
5063,p_6_121,30_7_1840,_,1705,James Newburgh Strange
5064,p_6_121,1_10_1840,11_1841,1701,James Newburgh Strange
5065,p_6_121,11_1841,30_3_1842,46,James Newburgh Strange
5070,p_6_122,28_6_1859,_,1670,Augustus Chetham Strode
5073,p_6_123,26_8_1860,5_3_1862,498,Frederick Thomas Chetham Strode
5075,p_6_125,3_6_1856,_,115,Ernest Augustus Travers Stubbs
5079,p_6_127,3_2_1838,8_3_1843,77,Richard Studdert
5085,p_6_129,10_12_1847,_,1646,Bartholomew James Sulivan
5094,p_6_132,18_3_1836,26_11_1836,1525,Thomas Ball Sulivan
5098,p_6_134,14_12_1841,23_4_1844,619,Charles Sullivan
5100,p_6_135,22_2_1855,_,1461,Francis William Sullivan
5103,p_6_135,4_7_1866,_,1527,Francis William Sullivan
5106,p_6_135,1_3_1875,1876,490,Francis William Sullivan
5107,p_6_136,8_8_1860,_,1646,Francis Grant Suttie
5108,p_6_136,1_1_1866,_,1357,Francis Grant Suttie
5110,p_6_137,26_9_1830,1834,335,William Swainson
5113,p_6_139,3_4_1858,_,314,William Swinburn
5115,p_6_140,26_5_1859,_,508,Thomas Anthony Swinburne
5116,p_6_140,2_6_1869,28_9_1869,395,Thomas Anthony Swinburne
5119,p_6_142,16_9_1840,20_11_1840,1148,Thomas Edward Symonds
5120,p_6_142,20_11_1840,28_2_1841,1148,Thomas Edward Symonds
5132,p_6_143,1_1_1854,27_11_1854,31,Thomas Matthew Charles Symonds
5135,p_6_144,23_11_1849,_,1545,Edwin Charles Symons
5137,p_6_144,21_1_1854,_,831,Edwin Charles Symons
5138,p_6_144,17_5_1858,_,1317,Edwin Charles Symons
5144,p_6_145,14_7_1852,_,928,Charles Talbot
5146,p_6_146,24_6_1856,_,697,Walter Cecil Talbot
5147,p_6_146,6_12_1858,_,1064,Walter Cecil Talbot
5148,p_6_146,18_11_1864,2_3_1865,1485,Walter Cecil Talbot
5152,p_6_146,16_10_1876,_,490,Walter Cecil Talbot
5153,p_6_147,25_7_1866,_,1042,Dashwood Goldie Tandy
5160,p_6_149,2_8_1838,_,980,Edward Tatham
5163,p_6_149,30_8_1841,_,166,Edward Tatham
5166,p_6_149,9_10_1850,_,653,Edward Tatham
5168,p_6_149,1_2_1858,_,498,Edward Tatham
5169,p_6_149,12_6_1860,2_4_1861,184,Edward Tatham
5172,p_6_150,4_7_1838,10_8_1841,1361,Joseph Needham Tayler
5182,p_6_158,14_12_1844,9_11_1846,349,Thomas Sparke Thompson
5191,p_6_160,12_9_1844,_,967,William Thorp
5192,p_6_160,30_7_1845,1847,253,William Thorp
5193,p_6_161,1_4_1849,1_1850,1625,Arthur Thomas Thrupp
5194,p_6_161,1_1_1850,10_7_1850,1625,Arthur Thomas Thrupp
5200,p_6_161,31_7_1862,7_11_1863,446,Arthur Thomas Thrupp
5201,p_6_161,24_2_1864,1_6_1865,653,Arthur Thomas Thrupp
5203,p_6_161,1_3_1872,_,1621,Arthur Thomas Thrupp
5208,p_6_162,24_3_1855,_,927,James Ptolemy Thurburn
5212,p_6_163,16_7_1846,_,678,Louis Symonds Tindal
5213,p_6_164,6_5_1825,_,507,Edward Burnaby Tinling
5217,p_6_165,10_12_1829,1832,778,James Ward Tomlinson
5219,p_6_165,9_12_1833,1835,1525,James Ward Tomlinson
5220,p_6_166,12_1_1856,_,653,Arthur Tower
5234,p_6_172,29_1_1846,13_11_1846,314,Francisco Sangro Robert Dawson Tremlett
5244,p_6_176,3_1821,_,883,Henry Dundas Trotter
5246,p_6_176,7_1822,_,883,Henry Dundas Trotter
5247,p_6_176,182?,_,772,Henry Dundas Trotter
5250,p_6_176,8_9_1840,12_11_1841,46,Henry Dundas Trotter
5251,p_6_177,19_7_1838,_,980,Edward Norwich Troubridge
5252,p_6_177,25_4_1839,_,1215,Edward Norwich Troubridge
5253,p_6_177,23_4_1840,_,167,Edward Norwich Troubridge
5254,p_6_177,10_12_1840,_,1445,Edward Norwich Troubridge
5258,p_6_178,1801,_,5,Edward Thomas Troubridge
5259,p_6_178,22_2_1806,_,184,Edward Thomas Troubridge
5261,p_6_178,8_1806,_,284,Edward Thomas Troubridge
5266,p_6_178,23_8_1841,23_11_1841,619,Edward Thomas Troubridge
5267,p_6_179,(1854),22_5_1854,285,William Henderson Truscott
5268,p_6_179,22_5_1854,_,1204,William Henderson Truscott
5270,p_6_180,3_9_1855,20_8_1858,1331,George Tryon
5283,p_6_183,16_6_1854,10_9_1857,619,John Jervis Tucker
5291,p_6_187,13_10_1846,1847,1199,Edmond Edward Turnour
5297,p_6_190,1_5_1860,_,508,Ralph Lancelot Turton
5298,p_6_190,20_5_1861,2_6_1864,1305,Ralph Lancelot Turton
5308,p_7_1,16_7_1834,_,1206,Sidney Henry Ussher
5311,p_7_2,27_11_1860,_,958,Frederick Samuel Vander-Meulen
5315,p_7_3,1846,_,655,Edward Westby Vansittart
5327,p_7_5,26_3_1855,_,831,James William Vaughan
5330,p_7_7,185?,7_1856,1545,Edmund Hope Verney
5336,p_7_7,10_11_1874,17_11_1874,1618,Edmund Hope Verney
5341,p_7_9,26_8_1857,_,1490,Charles Vesey
5346,p_7_10,1_1_1870,_,1711,William Vicary
5354,p_7_11,7_1_1845,_,1705,Alexander Thomas Emeric Vidal
5356,p_7_13,17_4_1852,_,1670,Edward Pelham Brenton Von Donop
5365,p_7_15,20_5_1846,3_8_1847,359,James Francis Ballard Wainwright
5366,p_7_15,3_8_1847,_,359,James Francis Ballard Wainwright
5367,p_7_15,4_4_1849,_,710,James Francis Ballard Wainwright
5368,p_7_15,28_4_1857,_,888,James Francis Ballard Wainwright
5374,p_7_17,13_7_1839,_,1300,Arthur Wakefield
5377,p_7_18,11_4_1809,_,1653,William Waldegrave
5379,p_7_18,8_3_1811,6_1811,925,William Waldegrave
5380,p_7_18,7_2_1829,4_1832,1399,William Waldegrave
5386,p_7_20,14_4_1838,9_1839,927,Provo William Parry Wallis
5388,p_7_21,1820,_,1399,William Walpole
5399,p_7_26,19_5_1854,_,799,Hon. William John Ward
5401,p_7_26,26_2_1862,_,1490,Hon. William John Ward
5403,p_7_27,7_8_1850,_,1294,Frederick Warden
5406,p_7_27,13_12_1856,_,1275,Frederick Warden
5407,p_7_28,19_10_1843,_,629,Frederick Pekham Warren
5409,p_7_28,22_10_1855,_,1198,Frederick Pekham Warren
5411,p_7_29,20_7_1847,_,1589,Richard Laird Warren
5413,p_7_30,18_7_1837,1841,773,William Warren
5415,p_7_30,20_7_1847,_,1589,William Warren
5419,p_7_32,1_5_1830,_,1476,Thomas Vernon Watkins
5421,p_7_32,19_12_1831,_,1646,Thomas Vernon Watkins
5422,p_7_32,23_1_1833,_,1646,Thomas Vernon Watkins
5428,p_7_33,1_3_1876,_,1639,George Willes Watson
5429,p_7_33,6_1879,1_1880,1535,George Willes Watson
5431,p_7_34,28_2_1846,10_1849,213,Rundle Burges Watson
5433,p_7_36,14_12_1857,_,256,John Whitmarsh Webb
5435,p_7_39,14_1_1840,_,1215,Godfrey Vassal Webster
5438,p_7_39,19_12_1846,_,1476,Godfrey Vassal Webster
5441,p_7_42,21_1_1839,_,1215,George Greville Wellesley
5442,p_7_42,30_3_1839,_,283,George Greville Wellesley
5447,p_7_43,2_6_1856,8_9_1858,1062,John Campion Wells
5448,p_7_43,8_9_1858,_,1062,John Campion Wells
5450,p_7_44,15_5_1856,_,490,Richard Wells
5453,p_7_44,1_9_1869,_,1332,Richard Wells
5459,p_7_46,29_12_1840,_,710,James Banks West
5460,p_7_46,30_8_1841,1845,35,James Banks West
5461,p_7_46,11_9_1846,_,71,James Banks West
5462,p_7_47,18_5_1827,1830,1600,Joseph West
5464,p_7_48,2_12_1837,_,1215,George Western
5465,p_7_48,25_7_1838,_,142,George Western
5466,p_7_48,26_4_1839,_,1060,George Western
5467,p_7_48,7_6_1842,_,781,George Western
5470,p_7_48,8_8_1848,_,655,George Western
5472,p_7_49,17_8_1878,_,395,Frederic Augustus Wetherall
5477,p_7_51,1_3_1869,_,490,William James Lloyd Wharton
5481,p_7_53,12_1843,3_1847,1394,Richard Dunning White
5484,p_7_53,6_1_1855,10_5_1856,446,Richard Dunning White
5485,p_7_53,15_9_1859,1863,927,Richard Dunning White
5488,p_7_55,29_1_1862,_,710,John William Whyte
5489,p_7_55,1_7_1862,_,498,John William Whyte
5490,p_7_56,185?,_,446,William Henry Whyte
5492,p_7_56,(2_8_1861),_,1504,William Henry Whyte
5494,p_7_56,10_3_1875,_,6,William Henry Whyte
5502,p_7_61,12_5_1837,15_7_1840,721,James Wilkinson
5505,p_7_62,(7_9_1855),_,1083,James Willcox
5510,p_7_64,16_2_1859,16_4_1861,310,George Ommaney Willes
5517,p_7_65,8_12_1835,10_1836,489,George Wickens Willes
5523,p_7_69,2_5_1831,_,1399,Woodford John Williams
5527,p_7_69,19_8_1837,_,1182,Woodford John Williams
5528,p_7_69,18_7_1840,2_6_1841,1489,Woodford John Williams
5529,p_7_69,28_4_1846,_,126,Woodford John Williams
5538,p_7_72,23_2_1827,_,1212,Charles Edward Wilmot
5539,p_7_72,18_8_1829,_,661,Charles Edward Wilmot
5540,p_7_72,1830,_,661,Charles Edward Wilmot
5543,p_7_74,13_5_1846,_,1476,Arthur Wilmshurst
5545,p_7_74,(10_12_1866),11_1868,608,Arthur Wilmshurst
5546,p_7_74,7_5_1870,_,1618,Arthur Wilmshurst
5553,p_7_76,7_5_1859,_,120,Edmund Wilson
5554,p_7_77,9_2_1860,_,1331,Frederick William Wilson
5557,p_7_78,13_10_1845,1847,1174,George Knyvett Wilson
5559,p_7_79,28_7_1857,_,310,John Crawford Wilson
5566,p_7_80,7_6_1873,_,1287,Joseph Edward Maitland Wilson
5567,p_7_81,3_1_1840,_,184,Thomas Wilson
5568,p_7_81,8_9_1852,_,653,Thomas Wilson
5570,p_7_81,1_4_1859,_,1476,Thomas Wilson
5571,p_7_82,18_11_1853,_,967,William Charles Fahie Wilson
5574,p_7_83,17_3_1855,_,1320,William Leyland Wilson
5576,p_7_85,24_4_1840,1841,934,Henry Edward Wingrove
5580,p_7_86,21_5_1830,_,778,William Robert Wolseley Winniett
5582,p_7_88,22_6_1849,_,1236,Charles Wise
5584,p_7_88,1_10_1860,15_7_1861,1445,Charles Wise
5586,p_7_89,10_5_1856,1859,1697,Charles Arthur Wise
5589,p_7_91,11_8_1853,11_8_1853,1489,William Saltonstall Wiseman
5594,p_7_92,23_11_1857,20_2_1858,40,Armine Wodehouse
5597,p_7_93,1_8_1834,_,710,George Wodehouse
5599,p_7_93,10_5_1836,_,489,George Wodehouse
5600,p_7_93,1_2_1838,28_10_1839,1358,George Wodehouse
5601,p_7_93,28_10_1839,1840,1358,George Wodehouse
5602,p_7_93,3_5_1841,_,1236,George Wodehouse
5603,p_7_93,26_10_1841,_,927,George Wodehouse
5606,p_7_93,1_1_1859,4_1_1862,1352,George Wodehouse
5608,p_7_94,26_12_1843,_,1530,James Wolfe
5609,p_7_95,13_7_1852,_,813,George Rhodes Wolrige
5613,p_7_96,1_1_1856,6_4_1857,283,Charles Octavius Wood
5614,p_7_96,6_4_1857,2_8_1858,283,Charles Octavius Wood
5616,p_7_98,23_7_1821,_,883,Frederick Wood
5621,p_7_98,31_3_1826,_,980,Frederick Wood
5624,p_7_98,9_12_1833,1837,166,Frederick Wood
5625,p_7_99,23_8_1841,1845,256,Granville Hamilton Wood
5629,p_7_100,1_1_1843,_,580,James Wood
5633,p_7_102,22_9_1837,_,1493,William Cotterell Wood
5642,p_7_105,2_9_1834,6_1836,1206,John Bolton Woodthorpe
5643,p_7_105,13_1_1837,_,1316,John Bolton Woodthorpe
5646,p_7_107,4_9_1848,_,1445,Frederick Woollcombe
5647,p_7_107,7_6_1854,3_4_1855,1490,Frederick Woollcombe
5648,p_7_108,4_8_1853,_,105,Henry Bedford Woollcombe
5651,p_7_108,9_5_1864,_,115,Henry Bedford Woollcombe
5654,p_7_109,12_2_1847,_,782,William Worsfold
5659,p_7_110,22_1_1829,22_7_1830,857,Henry John Worth
5660,p_7_110,22_7_1830,_,857,Henry John Worth
5675,p_7_114,19_12_1855,3_6_1856,184,Arthur Richard Wright
5688,p_7_120,28_4_1827,30_10_1828,262,Christopher Wyvill
5693,p_7_121,24_1_1848,_,781,Richard Augustus Yates
5698,p_7_122,16_9_1840,11_8_1841,1356,Hastings Reginald Yelverton
5701,p_7_122,(5_1842),14_2_1843,1236,Hastings Reginald Yelverton
5703,p_7_122,15_4_1843,_,35,Hastings Reginald Yelverton
5704,p_7_122,24_10_1853,20_12_1855,105,Hastings Reginald Yelverton
5705,p_7_122,20_12_1855,12_7_1856,229,Hastings Reginald Yelverton
5707,p_7_123,9_1833,2_1_1834,77,Bernard Yeoman
5709,p_7_124,12_6_1844,_,174,Charles Philip Yorke
5711,p_7_124,11_1848,1_1850,1625,Charles Philip Yorke
5715,p_7_125,27_8_1863,_,883,Henry Francis Redhead Yorke
5720,p_7_129,30_9_1852,_,31,Thomas James Young
5721,p_7_129,1_9_1856,_,813,Thomas James Young
